tick,scale_name,candidate_task_count,candidate_vehicle_count,iteration_count,planning_time_ms,initial_score,best_score,score_improvement,initial_distance,best_distance,initial_lateness,best_lateness,initial_unassigned,best_unassigned,accepted_count,best_destroy,best_repair,destroy_weights,repair_weights
8,medium,3,4,80,4.55,44.77,44.77,0.0,43.2,43.2,0.0,0.0,0,0,80,,,"[1.8, 1.8, 2.55, 1.85]","[1.65, 1.65, 1.15, 1.55, 5.0]"
27,medium,8,1,80,3.72,-19.18,-19.18,0.0,20.6,20.6,0.0,0.0,6,6,80,,,"[2.0, 2.0, 1.6, 2.4]","[1.7, 1.4, 1.45, 1.75, 4.7]"
33,medium,8,1,80,1.46,-39.52,-39.52,0.0,17.8,17.8,0.0,0.0,7,7,80,,,"[2.5, 1.85, 2.15, 1.5]","[1.65, 1.6, 1.5, 1.7, 4.55]"
37,medium,9,1,80,3.75,-31.55,-31.55,0.0,34.6,34.6,0.0,0.0,7,7,80,,,"[1.9, 1.75, 2.15, 2.2]","[1.8, 1.3, 1.65, 1.6, 4.65]"
38,medium,7,1,80,1.51,-36.03,-36.03,0.0,25.0,25.0,0.0,0.0,6,6,80,,,"[2.65, 1.8, 1.9, 1.65]","[1.2, 1.9, 1.4, 1.55, 4.95]"
39,medium,6,1,80,3.49,-6.12,-6.12,0.0,34.0,34.0,0.0,0.0,4,4,80,,,"[2.3, 1.95, 1.65, 2.1]","[1.55, 1.65, 1.45, 1.2, 5.15]"
40,medium,5,1,80,1.43,-14.57,-14.57,0.0,17.6,17.6,0.0,0.0,4,4,80,,,"[2.25, 1.9, 1.7, 2.15]","[1.4, 1.6, 1.55, 1.15, 5.3]"
42,medium,5,1,80,1.44,-17.79,-17.79,0.0,18.4,18.4,0.0,0.0,4,4,80,,,"[2.2, 2.0, 1.45, 2.35]","[1.7, 1.6, 1.5, 1.6, 4.6]"
44,medium,6,1,80,3.48,-5.74,-5.74,0.0,30.6,30.6,0.0,0.0,4,4,80,,,"[2.15, 1.95, 1.9, 2.0]","[1.5, 1.85, 1.55, 1.7, 4.4]"
61,medium,16,2,80,3.39,-101.72,-101.72,0.0,59.2,59.2,8.4,8.4,13,13,80,,,"[1.95, 1.9, 2.25, 1.9]","[1.6, 1.75, 1.5, 1.7, 4.45]"
66,medium,17,1,80,3.51,-121.66,-121.66,0.0,26.4,26.4,4.4,4.4,15,15,45,,,"[1.5, 2.2, 1.15, 1.4]","[1.4, 1.2, 1.2, 1.25, 4.2]"
70,medium,20,1,80,3.55,-179.06,-179.06,0.0,41.6,41.6,19.6,19.6,18,18,43,,,"[1.4, 2.2, 1.1, 1.45]","[1.55, 1.2, 1.3, 1.2, 3.9]"
72,medium,19,1,80,1.46,-131.0,-131.0,0.0,33.8,33.8,0.0,0.0,18,18,80,,,"[2.2, 2.1, 1.9, 1.8]","[1.95, 1.35, 1.9, 1.35, 4.45]"
87,medium,24,1,80,3.54,-265.95,-237.65,28.3,41.7,41.7,46.7,22.55,22,22,51,related,regret_k,"[1.7, 2.2, 1.05, 1.75]","[1.6, 1.35, 1.3, 1.1, 4.35]"
88,medium,22,1,80,1.49,-187.48,-187.48,0.0,34.2,34.2,6.2,6.2,21,21,80,,,"[1.55, 2.35, 2.3, 1.8]","[1.95, 1.85, 1.45, 1.7, 4.05]"
89,medium,21,1,80,3.35,-179.49,-163.49,16.0,25.6,25.6,17.6,9.6,19,19,62,lateness,weight,"[1.55, 2.6, 2.0, 1.1]","[1.6, 1.25, 1.45, 1.6, 4.35]"
95,medium,28,1,80,3.47,-265.53,-211.93,53.6,41.6,41.6,30.6,3.8,26,26,43,lateness,energy_safe,"[1.45, 2.65, 1.0, 1.2]","[1.2, 1.1, 1.3, 1.75, 3.95]"
107,medium,30,1,80,1.54,-265.79,-265.79,0.0,15.4,15.4,14.4,14.4,29,29,80,,,"[2.55, 1.95, 1.8, 1.7]","[1.5, 1.5, 1.35, 1.75, 4.9]"
109,medium,30,1,80,1.42,-262.64,-262.64,0.0,10.4,10.4,13.4,13.4,29,29,80,,,"[1.85, 1.45, 2.05, 2.65]","[1.6, 1.35, 1.7, 1.9, 4.45]"
116,medium,30,1,80,1.57,-265.54,-265.54,0.0,25.4,25.4,13.4,13.4,29,29,80,,,"[1.8, 1.95, 2.2, 2.05]","[1.35, 1.5, 1.65, 1.5, 5.0]"
126,medium,30,1,80,3.45,-348.86,-348.86,0.0,49.2,49.2,53.8,53.8,28,28,80,,,"[1.5, 2.15, 2.45, 1.9]","[1.5, 1.65, 1.35, 1.5, 5.0]"
128,medium,30,1,80,3.45,-317.5,-305.6,11.9,41.9,41.9,38.85,42.9,28,28,41,random,greedy,"[1.35, 1.0, 2.4, 1.45]","[1.7, 1.15, 1.1, 1.45, 3.8]"
129,medium,30,1,80,3.5,-313.27,-313.27,0.0,33.6,33.6,37.4,37.4,28,28,80,,,"[1.65, 1.8, 2.2, 2.35]","[1.5, 1.6, 1.5, 1.55, 4.85]"
131,medium,30,1,80,1.42,-272.51,-272.51,0.0,8.2,8.2,19.2,19.2,29,29,80,,,"[2.15, 1.95, 1.85, 2.05]","[1.65, 1.8, 1.75, 1.3, 4.5]"
134,medium,30,1,80,1.48,-279.81,-279.81,0.0,18.0,18.0,21.0,21.0,29,29,80,,,"[2.2, 2.0, 1.65, 2.15]","[1.25, 1.5, 1.7, 1.8, 4.75]"
142,medium,30,1,80,1.54,-287.42,-287.42,0.0,25.4,25.4,24.4,24.4,29,29,80,,,"[1.9, 1.45, 2.0, 2.65]","[1.6, 1.4, 1.8, 1.75, 4.45]"
149,medium,30,1,80,3.3,-386.12,-386.12,0.0,50.3,50.3,72.45,72.45,28,28,80,,,"[1.8, 2.5, 1.7, 2.0]","[1.3, 1.85, 1.6, 1.25, 5.0]"
150,medium,30,1,80,1.55,-295.35,-295.35,0.0,18.4,18.4,29.4,29.4,29,29,80,,,"[2.15, 2.4, 1.45, 2.0]","[1.5, 1.5, 1.8, 1.3, 4.9]"
152,medium,30,1,80,3.38,-310.98,-278.18,32.8,20.8,20.8,47.8,31.4,28,28,44,lateness,energy_safe,"[1.2, 1.95, 1.05, 2.15]","[1.4, 1.15, 1.05, 1.3, 4.45]"
162,medium,30,1,80,3.52,-371.33,-371.33,0.0,26.8,26.8,67.2,67.2,28,28,80,,,"[2.25, 1.65, 2.25, 1.85]","[1.5, 1.9, 1.15, 1.3, 5.15]"
176,medium,30,2,80,3.82,-550.36,-550.36,0.0,51.4,51.4,158.1,158.1,27,27,80,,,"[1.85, 2.1, 2.0, 2.05]","[1.5, 1.7, 1.55, 1.75, 4.5]"
178,medium,30,1,80,3.65,-375.22,-375.22,0.0,20.6,20.6,69.9,69.9,28,28,80,,,"[1.8, 2.2, 1.6, 2.4]","[1.45, 1.75, 1.55, 1.45, 4.8]"
185,medium,30,1,80,1.54,-349.19,-349.19,0.0,25.4,25.4,55.4,55.4,29,29,80,,,"[2.05, 2.2, 1.85, 1.9]","[1.4, 1.55, 1.35, 1.4, 5.3]"
187,medium,30,1,80,3.82,-420.48,-420.48,0.0,33.9,33.9,90.85,90.85,28,28,80,,,"[1.9, 1.65, 1.95, 2.5]","[1.55, 1.75, 1.75, 1.3, 4.65]"
190,medium,30,1,80,1.62,-353.36,-353.36,0.0,17.8,17.8,57.8,57.8,29,29,80,,,"[1.85, 1.35, 1.75, 3.05]","[1.5, 1.9, 1.8, 1.35, 4.45]"
194,medium,30,1,80,1.69,-360.09,-360.09,0.0,27.0,27.0,62.0,62.0,29,29,80,,,"[1.9, 1.85, 2.25, 2.0]","[1.55, 1.3, 1.5, 1.8, 4.85]"
204,medium,30,1,80,1.59,-377.88,-377.88,0.0,10.6,10.6,70.6,70.6,29,29,80,,,"[1.9, 1.9, 2.15, 2.05]","[1.6, 1.6, 1.3, 1.45, 5.05]"
212,medium,30,1,80,1.5,-362.72,-362.72,0.0,10.0,10.0,63.0,63.0,29,29,80,,,"[1.75, 2.25, 2.4, 1.6]","[1.55, 1.7, 1.35, 1.2, 5.2]"
214,medium,30,1,80,1.45,-368.27,-368.27,0.0,17.8,17.8,64.8,64.8,29,29,80,,,"[2.4, 2.05, 2.05, 1.5]","[1.75, 1.45, 1.45, 1.2, 5.15]"
218,medium,30,1,80,0.11,-240.0,-240.0,0.0,0.0,0.0,0.0,0.0,30,30,0,,,"[1.0, 1.0, 1.0, 1.0]","[1.0, 1.0, 1.0, 1.0, 3.0]"
219,medium,30,2,80,1.65,-313.31,-313.31,0.0,7.6,7.6,38.6,38.6,29,29,80,,,"[1.8, 1.8, 2.15, 2.25]","[1.45, 1.75, 1.7, 1.35, 4.75]"
220,medium,30,1,80,0.14,-240.0,-240.0,0.0,0.0,0.0,0.0,0.0,30,30,0,,,"[1.0, 1.0, 1.0, 1.0]","[1.0, 1.0, 1.0, 1.0, 3.0]"
221,medium,30,1,80,1.43,-354.54,-354.54,0.0,10.4,10.4,58.4,58.4,29,29,80,,,"[1.95, 2.4, 1.6, 2.05]","[1.75, 1.3, 1.65, 1.8, 4.5]"
224,medium,30,1,80,0.12,-240.0,-240.0,0.0,0.0,0.0,0.0,0.0,30,30,0,,,"[1.0, 1.0, 1.0, 1.0]","[1.0, 1.0, 1.0, 1.0, 3.0]"
225,medium,30,1,80,2.26,-218.92,-218.92,0.0,7.6,7.6,0.0,0.0,29,29,80,,,"[2.1, 2.3, 1.55, 2.05]","[1.4, 1.55, 1.45, 1.75, 4.85]"
230,medium,30,1,80,0.11,-240.0,-240.0,0.0,0.0,0.0,0.0,0.0,30,30,0,,,"[1.0, 1.0, 1.0, 1.0]","[1.0, 1.0, 1.0, 1.0, 3.0]"
231,medium,30,1,80,1.45,-316.24,-316.24,0.0,8.2,8.2,40.2,40.2,29,29,80,,,"[1.8, 2.05, 2.3, 1.85]","[1.7, 1.7, 1.7, 1.4, 4.5]"
232,medium,30,2,80,0.33,-240.0,-240.0,0.0,0.0,0.0,0.0,0.0,30,30,0,,,"[1.0, 1.0, 1.0, 1.0]","[1.0, 1.0, 1.0, 1.0, 3.0]"
233,medium,30,2,80,0.21,-240.0,-240.0,0.0,0.0,0.0,0.0,0.0,30,30,0,,,"[1.0, 1.0, 1.0, 1.0]","[1.0, 1.0, 1.0, 1.0, 3.0]"
234,medium,30,2,80,2.23,-300.8,-300.8,0.0,7.6,7.6,31.6,31.6,29,29,80,,,"[2.5, 1.7, 2.1, 1.7]","[1.55, 1.25, 1.65, 1.9, 4.65]"
235,medium,30,3,80,1.79,-294.11,-294.11,0.0,8.4,8.4,29.4,29.4,29,29,80,,,"[2.0, 2.0, 2.25, 1.75]","[1.5, 1.7, 1.6, 2.0, 4.2]"
236,medium,30,2,80,1.9,-252.82,-252.82,0.0,8.2,8.2,9.2,9.2,29,29,80,,,"[2.05, 2.5, 1.45, 2.0]","[1.55, 1.55, 1.5, 1.8, 4.6]"
237,medium,30,1,80,1.8,-216.44,-216.44,0.0,7.6,7.6,0.0,0.0,29,29,80,,,"[2.1, 1.6, 1.95, 2.35]","[1.45, 1.35, 1.75, 1.8, 4.65]"
241,medium,30,2,80,0.16,-240.0,-240.0,0.0,0.0,0.0,0.0,0.0,30,30,0,,,"[1.0, 1.0, 1.0, 1.0]","[1.0, 1.0, 1.0, 1.0, 3.0]"
242,medium,30,3,80,0.19,-240.0,-240.0,0.0,0.0,0.0,0.0,0.0,30,30,0,,,"[1.0, 1.0, 1.0, 1.0]","[1.0, 1.0, 1.0, 1.0, 3.0]"
243,medium,30,3,80,0.19,-240.0,-240.0,0.0,0.0,0.0,0.0,0.0,30,30,0,,,"[1.0, 1.0, 1.0, 1.0]","[1.0, 1.0, 1.0, 1.0, 3.0]"
244,medium,30,3,80,2.6,-344.97,-344.97,0.0,7.8,7.8,54.8,54.8,29,29,80,,,"[2.2, 1.55, 1.95, 2.3]","[1.5, 1.5, 1.75, 1.55, 4.7]"
245,medium,30,2,80,2.39,-228.46,-228.46,0.0,18.2,18.2,7.8,7.8,28,28,80,,,"[1.75, 2.45, 2.05, 1.75]","[1.6, 1.5, 1.55, 1.7, 4.65]"
249,medium,30,1,80,0.11,-240.0,-240.0,0.0,0.0,0.0,0.0,0.0,30,30,0,,,"[1.0, 1.0, 1.0, 1.0]","[1.0, 1.0, 1.0, 1.0, 3.0]"
250,medium,30,2,80,0.16,-240.0,-240.0,0.0,0.0,0.0,0.0,0.0,30,30,0,,,"[1.0, 1.0, 1.0, 1.0]","[1.0, 1.0, 1.0, 1.0, 3.0]"
251,medium,30,2,80,1.84,-217.16,-217.16,0.0,7.6,7.6,0.0,0.0,29,29,80,,,"[2.4, 1.5, 1.85, 2.25]","[1.75, 1.45, 1.7, 1.55, 4.55]"
252,medium,30,1,80,1.54,-218.32,-218.32,0.0,7.8,7.8,0.0,0.0,29,29,80,,,"[2.25, 2.15, 1.55, 2.05]","[1.45, 1.5, 1.75, 1.95, 4.35]"
253,medium,30,2,80,0.16,-240.0,-240.0,0.0,0.0,0.0,0.0,0.0,30,30,0,,,"[1.0, 1.0, 1.0, 1.0]","[1.0, 1.0, 1.0, 1.0, 3.0]"
254,medium,30,3,80,0.19,-240.0,-240.0,0.0,0.0,0.0,0.0,0.0,30,30,0,,,"[1.0, 1.0, 1.0, 1.0]","[1.0, 1.0, 1.0, 1.0, 3.0]"
255,medium,30,3,80,2.15,-262.14,-262.14,0.0,8.2,8.2,13.2,13.2,29,29,80,,,"[1.9, 2.2, 1.75, 2.15]","[1.65, 1.7, 1.45, 1.65, 4.55]"
256,medium,30,2,80,1.91,-217.06,-217.06,0.0,8.4,8.4,0.0,0.0,29,29,80,,,"[2.3, 1.6, 2.15, 1.95]","[1.5, 1.8, 1.75, 1.4, 4.55]"
257,medium,30,1,80,0.13,-240.0,-240.0,0.0,0.0,0.0,0.0,0.0,30,30,0,,,"[1.0, 1.0, 1.0, 1.0]","[1.0, 1.0, 1.0, 1.0, 3.0]"
258,medium,30,1,80,1.63,-352.82,-352.82,0.0,10.0,10.0,58.0,58.0,29,29,80,,,"[2.2, 1.8, 1.85, 2.15]","[1.55, 1.6, 1.55, 1.8, 4.5]"
260,medium,30,1,80,0.19,-240.0,-240.0,0.0,0.0,0.0,0.0,0.0,30,30,0,,,"[1.0, 1.0, 1.0, 1.0]","[1.0, 1.0, 1.0, 1.0, 3.0]"
261,medium,30,2,80,0.16,-240.0,-240.0,0.0,0.0,0.0,0.0,0.0,30,30,0,,,"[1.0, 1.0, 1.0, 1.0]","[1.0, 1.0, 1.0, 1.0, 3.0]"
262,medium,30,2,80,0.19,-240.0,-240.0,0.0,0.0,0.0,0.0,0.0,30,30,0,,,"[1.0, 1.0, 1.0, 1.0]","[1.0, 1.0, 1.0, 1.0, 3.0]"
263,medium,30,2,80,2.67,-228.17,-228.17,0.0,20.0,20.0,9.0,9.0,28,28,80,,,"[2.2, 1.95, 1.6, 2.25]","[1.65, 1.65, 1.55, 1.1, 5.05]"
265,medium,30,1,80,0.12,-240.0,-240.0,0.0,0.0,0.0,0.0,0.0,30,30,0,,,"[1.0, 1.0, 1.0, 1.0]","[1.0, 1.0, 1.0, 1.0, 3.0]"
266,medium,30,1,80,0.13,-240.0,-240.0,0.0,0.0,0.0,0.0,0.0,30,30,0,,,"[1.0, 1.0, 1.0, 1.0]","[1.0, 1.0, 1.0, 1.0, 3.0]"
267,medium,30,2,80,0.16,-240.0,-240.0,0.0,0.0,0.0,0.0,0.0,30,30,0,,,"[1.0, 1.0, 1.0, 1.0]","[1.0, 1.0, 1.0, 1.0, 3.0]"
268,medium,30,3,80,1.87,-219.23,-219.23,0.0,10.0,10.0,0.0,0.0,29,29,80,,,"[1.35, 2.4, 1.7, 2.55]","[1.85, 1.3, 1.7, 1.6, 4.55]"
269,medium,30,2,80,0.16,-240.0,-240.0,0.0,0.0,0.0,0.0,0.0,30,30,0,,,"[1.0, 1.0, 1.0, 1.0]","[1.0, 1.0, 1.0, 1.0, 3.0]"
270,medium,30,2,80,1.68,-219.62,-219.62,0.0,10.0,10.0,0.0,0.0,29,29,80,,,"[1.9, 1.85, 2.35, 1.9]","[1.55, 1.8, 1.55, 1.45, 4.65]"
271,medium,30,1,80,0.13,-240.0,-240.0,0.0,0.0,0.0,0.0,0.0,30,30,0,,,"[1.0, 1.0, 1.0, 1.0]","[1.0, 1.0, 1.0, 1.0, 3.0]"
272,medium,30,1,80,1.54,-388.08,-388.08,0.0,10.4,10.4,76.4,76.4,29,29,80,,,"[2.2, 2.3, 1.7, 1.8]","[1.4, 1.45, 1.8, 1.6, 4.75]"
273,medium,30,1,80,0.13,-240.0,-240.0,0.0,0.0,0.0,0.0,0.0,30,30,0,,,"[1.0, 1.0, 1.0, 1.0]","[1.0, 1.0, 1.0, 1.0, 3.0]"
274,medium,30,2,80,0.16,-240.0,-240.0,0.0,0.0,0.0,0.0,0.0,30,30,0,,,"[1.0, 1.0, 1.0, 1.0]","[1.0, 1.0, 1.0, 1.0, 3.0]"
275,medium,30,2,80,0.16,-240.0,-240.0,0.0,0.0,0.0,0.0,0.0,30,30,0,,,"[1.0, 1.0, 1.0, 1.0]","[1.0, 1.0, 1.0, 1.0, 3.0]"
276,medium,30,3,80,1.94,-219.36,-219.36,0.0,8.2,8.2,0.0,0.0,29,29,80,,,"[1.85, 2.6, 1.5, 2.05]","[1.35, 1.4, 1.55, 1.45, 5.25]"
277,medium,30,2,80,1.67,-213.96,-213.96,0.0,10.6,10.6,0.0,0.0,29,29,80,,,"[1.9, 1.95, 2.1, 2.05]","[1.8, 1.55, 1.45, 1.55, 4.65]"
278,medium,30,1,80,0.13,-240.0,-240.0,0.0,0.0,0.0,0.0,0.0,30,30,0,,,"[1.0, 1.0, 1.0, 1.0]","[1.0, 1.0, 1.0, 1.0, 3.0]"
279,medium,30,1,80,1.65,-217.06,-217.06,0.0,10.0,10.0,0.0,0.0,29,29,80,,,"[2.85, 1.65, 1.6, 1.9]","[1.7, 1.35, 1.65, 2.05, 4.25]"
281,medium,30,2,80,0.17,-240.0,-240.0,0.0,0.0,0.0,0.0,0.0,30,30,0,,,"[1.0, 1.0, 1.0, 1.0]","[1.0, 1.0, 1.0, 1.0, 3.0]"
282,medium,30,2,80,0.16,-240.0,-240.0,0.0,0.0,0.0,0.0,0.0,30,30,0,,,"[1.0, 1.0, 1.0, 1.0]","[1.0, 1.0, 1.0, 1.0, 3.0]"
283,medium,30,2,80,1.86,-220.19,-220.19,0.0,8.2,8.2,0.0,0.0,29,29,80,,,"[1.9, 1.65, 2.15, 2.3]","[1.65, 1.75, 1.4, 1.45, 4.75]"
284,medium,30,1,80,1.42,-257.04,-257.04,0.0,10.4,10.4,9.4,9.4,29,29,80,,,"[2.1, 1.8, 1.45, 2.65]","[1.85, 1.95, 1.5, 1.35, 4.35]"
286,medium,30,1,80,0.12,-240.0,-240.0,0.0,0.0,0.0,0.0,0.0,30,30,0,,,"[1.0, 1.0, 1.0, 1.0]","[1.0, 1.0, 1.0, 1.0, 3.0]"
287,medium,30,1,80,0.13,-240.0,-240.0,0.0,0.0,0.0,0.0,0.0,30,30,0,,,"[1.0, 1.0, 1.0, 1.0]","[1.0, 1.0, 1.0, 1.0, 3.0]"
288,medium,30,2,80,0.16,-240.0,-240.0,0.0,0.0,0.0,0.0,0.0,30,30,0,,,"[1.0, 1.0, 1.0, 1.0]","[1.0, 1.0, 1.0, 1.0, 3.0]"
289,medium,30,2,80,1.75,-263.48,-263.48,0.0,10.4,10.4,11.4,11.4,29,29,80,,,"[1.9, 2.05, 1.7, 2.35]","[1.4, 1.7, 1.45, 1.75, 4.7]"
290,medium,30,1,80,0.13,-240.0,-240.0,0.0,0.0,0.0,0.0,0.0,30,30,0,,,"[1.0, 1.0, 1.0, 1.0]","[1.0, 1.0, 1.0, 1.0, 3.0]"
291,medium,30,1,80,0.13,-240.0,-240.0,0.0,0.0,0.0,0.0,0.0,30,30,0,,,"[1.0, 1.0, 1.0, 1.0]","[1.0, 1.0, 1.0, 1.0, 3.0]"
292,medium,30,2,80,1.65,-398.49,-398.49,0.0,10.6,10.6,80.6,80.6,29,29,80,,,"[1.8, 2.1, 2.05, 2.05]","[1.55, 1.6, 1.4, 1.55, 4.9]"
293,medium,30,1,80,0.15,-240.0,-240.0,0.0,0.0,0.0,0.0,0.0,30,30,0,,,"[1.0, 1.0, 1.0, 1.0]","[1.0, 1.0, 1.0, 1.0, 3.0]"
294,medium,30,2,80,0.2,-240.0,-240.0,0.0,0.0,0.0,0.0,0.0,30,30,0,,,"[1.0, 1.0, 1.0, 1.0]","[1.0, 1.0, 1.0, 1.0, 3.0]"
295,medium,30,2,80,1.82,-218.41,-218.41,0.0,10.6,10.6,0.0,0.0,29,29,80,,,"[2.05, 2.05, 2.05, 1.85]","[1.65, 1.8, 1.35, 1.35, 4.85]"
296,medium,30,1,80,1.57,-215.05,-215.05,0.0,7.8,7.8,0.0,0.0,29,29,80,,,"[1.85, 1.5, 2.6, 2.05]","[1.6, 1.6, 1.55, 1.55, 4.7]"
297,medium,30,2,80,0.17,-240.0,-240.0,0.0,0.0,0.0,0.0,0.0,30,30,0,,,"[1.0, 1.0, 1.0, 1.0]","[1.0, 1.0, 1.0, 1.0, 3.0]"
298,medium,30,2,80,0.2,-240.0,-240.0,0.0,0.0,0.0,0.0,0.0,30,30,0,,,"[1.0, 1.0, 1.0, 1.0]","[1.0, 1.0, 1.0, 1.0, 3.0]"
299,medium,30,2,80,0.16,-240.0,-240.0,0.0,0.0,0.0,0.0,0.0,30,30,0,,,"[1.0, 1.0, 1.0, 1.0]","[1.0, 1.0, 1.0, 1.0, 3.0]"
300,medium,30,2,80,0.16,-240.0,-240.0,0.0,0.0,0.0,0.0,0.0,30,30,0,,,"[1.0, 1.0, 1.0, 1.0]","[1.0, 1.0, 1.0, 1.0, 3.0]"
301,medium,30,3,80,2.39,-214.16,-214.16,0.0,7.6,7.6,0.0,0.0,29,29,80,,,"[1.85, 2.1, 1.85, 2.2]","[1.7, 1.55, 1.7, 1.6, 4.45]"
302,medium,30,2,80,1.7,-455.74,-455.74,0.0,15.4,15.4,108.4,108.4,29,29,80,,,"[1.7, 1.7, 2.3, 2.3]","[1.6, 1.7, 1.35, 1.65, 4.7]"
303,medium,30,1,80,0.13,-240.0,-240.0,0.0,0.0,0.0,0.0,0.0,30,30,0,,,"[1.0, 1.0, 1.0, 1.0]","[1.0, 1.0, 1.0, 1.0, 3.0]"
304,medium,30,2,80,0.17,-240.0,-240.0,0.0,0.0,0.0,0.0,0.0,30,30,0,,,"[1.0, 1.0, 1.0, 1.0]","[1.0, 1.0, 1.0, 1.0, 3.0]"
305,medium,30,2,80,1.63,-216.75,-216.75,0.0,10.0,10.0,0.0,0.0,29,29,80,,,"[1.5, 2.45, 2.2, 1.85]","[1.25, 1.45, 2.15, 1.45, 4.7]"
306,medium,30,1,80,0.13,-240.0,-240.0,0.0,0.0,0.0,0.0,0.0,30,30,0,,,"[1.0, 1.0, 1.0, 1.0]","[1.0, 1.0, 1.0, 1.0, 3.0]"
307,medium,30,1,80,0.17,-240.0,-240.0,0.0,0.0,0.0,0.0,0.0,30,30,0,,,"[1.0, 1.0, 1.0, 1.0]","[1.0, 1.0, 1.0, 1.0, 3.0]"
308,medium,30,1,80,0.16,-240.0,-240.0,0.0,0.0,0.0,0.0,0.0,30,30,0,,,"[1.0, 1.0, 1.0, 1.0]","[1.0, 1.0, 1.0, 1.0, 3.0]"
309,medium,30,2,80,1.83,-480.33,-480.33,0.0,15.8,15.8,120.8,120.8,29,29,80,,,"[2.15, 1.5, 2.25, 2.1]","[1.6, 1.35, 1.35, 1.4, 5.3]"
310,medium,30,1,80,0.13,-240.0,-240.0,0.0,0.0,0.0,0.0,0.0,30,30,0,,,"[1.0, 1.0, 1.0, 1.0]","[1.0, 1.0, 1.0, 1.0, 3.0]"
311,medium,30,1,80,0.13,-240.0,-240.0,0.0,0.0,0.0,0.0,0.0,30,30,0,,,"[1.0, 1.0, 1.0, 1.0]","[1.0, 1.0, 1.0, 1.0, 3.0]"
312,medium,30,3,80,0.19,-240.0,-240.0,0.0,0.0,0.0,0.0,0.0,30,30,0,,,"[1.0, 1.0, 1.0, 1.0]","[1.0, 1.0, 1.0, 1.0, 3.0]"
313,medium,30,3,80,0.2,-240.0,-240.0,0.0,0.0,0.0,0.0,0.0,30,30,0,,,"[1.0, 1.0, 1.0, 1.0]","[1.0, 1.0, 1.0, 1.0, 3.0]"
314,medium,30,3,80,1.92,-498.59,-498.59,0.0,17.8,17.8,128.8,128.8,29,29,80,,,"[2.45, 1.85, 1.9, 1.8]","[1.8, 1.6, 1.5, 1.5, 4.6]"
315,medium,30,3,80,0.2,-240.0,-240.0,0.0,0.0,0.0,0.0,0.0,30,30,0,,,"[1.0, 1.0, 1.0, 1.0]","[1.0, 1.0, 1.0, 1.0, 3.0]"
316,medium,30,3,80,2.18,-476.27,-476.27,0.0,15.4,15.4,118.4,118.4,29,29,80,,,"[1.85, 1.85, 2.0, 2.3]","[1.7, 1.4, 1.6, 1.6, 4.7]"
317,medium,30,3,80,1.83,-499.94,-499.94,0.0,15.4,15.4,131.4,131.4,29,29,80,,,"[1.85, 1.75, 2.1, 2.3]","[1.5, 1.65, 2.0, 1.45, 4.4]"
318,medium,30,2,80,0.16,-240.0,-240.0,0.0,0.0,0.0,0.0,0.0,30,30,0,,,"[1.0, 1.0, 1.0, 1.0]","[1.0, 1.0, 1.0, 1.0, 3.0]"
319,medium,30,2,80,0.17,-240.0,-240.0,0.0,0.0,0.0,0.0,0.0,30,30,0,,,"[1.0, 1.0, 1.0, 1.0]","[1.0, 1.0, 1.0, 1.0, 3.0]"
320,medium,30,2,80,2.39,-539.61,-539.61,0.0,33.8,33.8,154.8,154.8,28,28,80,,,"[2.0, 2.1, 2.25, 1.65]","[1.6, 1.45, 1.65, 1.65, 4.65]"
323,medium,30,1,80,0.13,-240.0,-240.0,0.0,0.0,0.0,0.0,0.0,30,30,0,,,"[1.0, 1.0, 1.0, 1.0]","[1.0, 1.0, 1.0, 1.0, 3.0]"
324,medium,30,1,80,0.13,-240.0,-240.0,0.0,0.0,0.0,0.0,0.0,30,30,0,,,"[1.0, 1.0, 1.0, 1.0]","[1.0, 1.0, 1.0, 1.0, 3.0]"
325,medium,30,1,80,0.13,-240.0,-240.0,0.0,0.0,0.0,0.0,0.0,30,30,0,,,"[1.0, 1.0, 1.0, 1.0]","[1.0, 1.0, 1.0, 1.0, 3.0]"
326,medium,30,2,80,0.16,-240.0,-240.0,0.0,0.0,0.0,0.0,0.0,30,30,0,,,"[1.0, 1.0, 1.0, 1.0]","[1.0, 1.0, 1.0, 1.0, 3.0]"
327,medium,30,2,80,1.63,-215.99,-215.99,0.0,15.4,15.4,0.0,0.0,29,29,80,,,"[2.05, 2.15, 2.05, 1.75]","[1.4, 1.75, 2.0, 1.35, 4.5]"
328,medium,30,1,80,0.14,-240.0,-240.0,0.0,0.0,0.0,0.0,0.0,30,30,0,,,"[1.0, 1.0, 1.0, 1.0]","[1.0, 1.0, 1.0, 1.0, 3.0]"
329,medium,30,1,80,0.14,-240.0,-240.0,0.0,0.0,0.0,0.0,0.0,30,30,0,,,"[1.0, 1.0, 1.0, 1.0]","[1.0, 1.0, 1.0, 1.0, 3.0]"
330,medium,30,1,80,0.13,-240.0,-240.0,0.0,0.0,0.0,0.0,0.0,30,30,0,,,"[1.0, 1.0, 1.0, 1.0]","[1.0, 1.0, 1.0, 1.0, 3.0]"
331,medium,30,1,80,0.15,-240.0,-240.0,0.0,0.0,0.0,0.0,0.0,30,30,0,,,"[1.0, 1.0, 1.0, 1.0]","[1.0, 1.0, 1.0, 1.0, 3.0]"
332,medium,30,1,80,1.45,-575.77,-575.77,0.0,18.4,18.4,168.4,168.4,29,29,80,,,"[1.7, 2.05, 2.1, 2.15]","[1.7, 1.4, 1.5, 1.65, 4.75]"
333,medium,30,1,80,0.13,-240.0,-240.0,0.0,0.0,0.0,0.0,0.0,30,30,0,,,"[1.0, 1.0, 1.0, 1.0]","[1.0, 1.0, 1.0, 1.0, 3.0]"
334,medium,30,1,80,0.14,-240.0,-240.0,0.0,0.0,0.0,0.0,0.0,30,30,0,,,"[1.0, 1.0, 1.0, 1.0]","[1.0, 1.0, 1.0, 1.0, 3.0]"
335,medium,30,1,80,0.13,-240.0,-240.0,0.0,0.0,0.0,0.0,0.0,30,30,0,,,"[1.0, 1.0, 1.0, 1.0]","[1.0, 1.0, 1.0, 1.0, 3.0]"
336,medium,30,1,80,0.14,-240.0,-240.0,0.0,0.0,0.0,0.0,0.0,30,30,0,,,"[1.0, 1.0, 1.0, 1.0]","[1.0, 1.0, 1.0, 1.0, 3.0]"
337,medium,30,1,80,0.13,-240.0,-240.0,0.0,0.0,0.0,0.0,0.0,30,30,0,,,"[1.0, 1.0, 1.0, 1.0]","[1.0, 1.0, 1.0, 1.0, 3.0]"
338,medium,30,1,80,0.15,-240.0,-240.0,0.0,0.0,0.0,0.0,0.0,30,30,0,,,"[1.0, 1.0, 1.0, 1.0]","[1.0, 1.0, 1.0, 1.0, 3.0]"
339,medium,30,1,80,1.52,-581.49,-581.49,0.0,18.4,18.4,172.4,172.4,29,29,80,,,"[1.95, 2.1, 2.0, 1.95]","[1.4, 1.9, 1.55, 1.45, 4.7]"
340,medium,30,2,80,0.21,-240.0,-240.0,0.0,0.0,0.0,0.0,0.0,30,30,0,,,"[1.0, 1.0, 1.0, 1.0]","[1.0, 1.0, 1.0, 1.0, 3.0]"
341,medium,30,3,80,0.21,-240.0,-240.0,0.0,0.0,0.0,0.0,0.0,30,30,0,,,"[1.0, 1.0, 1.0, 1.0]","[1.0, 1.0, 1.0, 1.0, 3.0]"
342,medium,30,3,80,0.2,-240.0,-240.0,0.0,0.0,0.0,0.0,0.0,30,30,0,,,"[1.0, 1.0, 1.0, 1.0]","[1.0, 1.0, 1.0, 1.0, 3.0]"
343,medium,30,3,80,0.2,-240.0,-240.0,0.0,0.0,0.0,0.0,0.0,30,30,0,,,"[1.0, 1.0, 1.0, 1.0]","[1.0, 1.0, 1.0, 1.0, 3.0]"
344,medium,30,4,80,0.23,-240.0,-240.0,0.0,0.0,0.0,0.0,0.0,30,30,0,,,"[1.0, 1.0, 1.0, 1.0]","[1.0, 1.0, 1.0, 1.0, 3.0]"
345,medium,30,4,80,0.24,-240.0,-240.0,0.0,0.0,0.0,0.0,0.0,30,30,0,,,"[1.0, 1.0, 1.0, 1.0]","[1.0, 1.0, 1.0, 1.0, 3.0]"
346,medium,30,4,80,2.55,-934.21,-934.21,0.0,37.0,37.0,350.0,350.0,28,28,80,,,"[2.1, 2.15, 2.3, 1.45]","[1.45, 1.9, 1.55, 1.8, 4.3]"
347,medium,30,2,80,1.81,-584.51,-584.51,0.0,18.0,18.0,174.0,174.0,29,29,80,,,"[2.0, 1.7, 2.5, 1.8]","[1.7, 1.3, 1.75, 1.45, 4.8]"
348,medium,30,2,80,0.2,-240.0,-240.0,0.0,0.0,0.0,0.0,0.0,30,30,0,,,"[1.0, 1.0, 1.0, 1.0]","[1.0, 1.0, 1.0, 1.0, 3.0]"
349,medium,30,2,80,0.18,-240.0,-240.0,0.0,0.0,0.0,0.0,0.0,30,30,0,,,"[1.0, 1.0, 1.0, 1.0]","[1.0, 1.0, 1.0, 1.0, 3.0]"
350,medium,30,2,80,1.64,-550.34,-550.34,0.0,18.6,18.6,156.6,156.6,29,29,80,,,"[2.55, 1.75, 2.1, 1.6]","[1.8, 1.55, 1.5, 1.3, 4.85]"
351,medium,30,2,80,0.17,-240.0,-240.0,0.0,0.0,0.0,0.0,0.0,30,30,0,,,"[1.0, 1.0, 1.0, 1.0]","[1.0, 1.0, 1.0, 1.0, 3.0]"
352,medium,30,2,80,0.18,-240.0,-240.0,0.0,0.0,0.0,0.0,0.0,30,30,0,,,"[1.0, 1.0, 1.0, 1.0]","[1.0, 1.0, 1.0, 1.0, 3.0]"
353,medium,30,2,80,0.17,-240.0,-240.0,0.0,0.0,0.0,0.0,0.0,30,30,0,,,"[1.0, 1.0, 1.0, 1.0]","[1.0, 1.0, 1.0, 1.0, 3.0]"
354,medium,30,2,80,1.72,-543.99,-543.99,0.0,18.6,18.6,153.6,153.6,29,29,80,,,"[2.15, 1.45, 2.2, 2.2]","[1.4, 1.45, 1.45, 1.35, 5.35]"
355,medium,30,1,80,0.13,-240.0,-240.0,0.0,0.0,0.0,0.0,0.0,30,30,0,,,"[1.0, 1.0, 1.0, 1.0]","[1.0, 1.0, 1.0, 1.0, 3.0]"
356,medium,30,1,80,0.15,-240.0,-240.0,0.0,0.0,0.0,0.0,0.0,30,30,0,,,"[1.0, 1.0, 1.0, 1.0]","[1.0, 1.0, 1.0, 1.0, 3.0]"
357,medium,30,1,80,1.53,-553.69,-553.69,0.0,18.4,18.4,156.4,156.4,29,29,80,,,"[2.1, 1.85, 2.15, 1.9]","[1.2, 1.8, 1.35, 1.95, 4.7]"
360,medium,30,1,80,0.12,-240.0,-240.0,0.0,0.0,0.0,0.0,0.0,30,30,0,,,"[1.0, 1.0, 1.0, 1.0]","[1.0, 1.0, 1.0, 1.0, 3.0]"
361,medium,30,1,80,0.13,-240.0,-240.0,0.0,0.0,0.0,0.0,0.0,30,30,0,,,"[1.0, 1.0, 1.0, 1.0]","[1.0, 1.0, 1.0, 1.0, 3.0]"
362,medium,30,1,80,0.14,-240.0,-240.0,0.0,0.0,0.0,0.0,0.0,30,30,0,,,"[1.0, 1.0, 1.0, 1.0]","[1.0, 1.0, 1.0, 1.0, 3.0]"
363,medium,30,1,80,0.13,-240.0,-240.0,0.0,0.0,0.0,0.0,0.0,30,30,0,,,"[1.0, 1.0, 1.0, 1.0]","[1.0, 1.0, 1.0, 1.0, 3.0]"
364,medium,30,1,80,0.13,-240.0,-240.0,0.0,0.0,0.0,0.0,0.0,30,30,0,,,"[1.0, 1.0, 1.0, 1.0]","[1.0, 1.0, 1.0, 1.0, 3.0]"
365,medium,30,1,80,0.15,-240.0,-240.0,0.0,0.0,0.0,0.0,0.0,30,30,0,,,"[1.0, 1.0, 1.0, 1.0]","[1.0, 1.0, 1.0, 1.0, 3.0]"
366,medium,30,1,80,1.55,-564.29,-564.29,0.0,18.6,18.6,163.6,163.6,29,29,80,,,"[1.75, 1.95, 2.35, 1.95]","[1.5, 1.6, 1.5, 1.7, 4.7]"
367,medium,30,1,80,0.14,-240.0,-240.0,0.0,0.0,0.0,0.0,0.0,30,30,0,,,"[1.0, 1.0, 1.0, 1.0]","[1.0, 1.0, 1.0, 1.0, 3.0]"
368,medium,30,1,80,0.14,-240.0,-240.0,0.0,0.0,0.0,0.0,0.0,30,30,0,,,"[1.0, 1.0, 1.0, 1.0]","[1.0, 1.0, 1.0, 1.0, 3.0]"
369,medium,30,1,80,0.14,-240.0,-240.0,0.0,0.0,0.0,0.0,0.0,30,30,0,,,"[1.0, 1.0, 1.0, 1.0]","[1.0, 1.0, 1.0, 1.0, 3.0]"
370,medium,30,1,80,1.54,-213.49,-213.49,0.0,10.0,10.0,0.0,0.0,29,29,80,,,"[2.5, 1.7, 2.05, 1.75]","[1.45, 1.7, 1.5, 1.8, 4.55]"
374,medium,30,1,80,0.12,-240.0,-240.0,0.0,0.0,0.0,0.0,0.0,30,30,0,,,"[1.0, 1.0, 1.0, 1.0]","[1.0, 1.0, 1.0, 1.0, 3.0]"
375,medium,30,2,80,0.17,-240.0,-240.0,0.0,0.0,0.0,0.0,0.0,30,30,0,,,"[1.0, 1.0, 1.0, 1.0]","[1.0, 1.0, 1.0, 1.0, 3.0]"
376,medium,30,3,80,0.21,-240.0,-240.0,0.0,0.0,0.0,0.0,0.0,30,30,0,,,"[1.0, 1.0, 1.0, 1.0]","[1.0, 1.0, 1.0, 1.0, 3.0]"
377,medium,30,3,80,0.21,-240.0,-240.0,0.0,0.0,0.0,0.0,0.0,30,30,0,,,"[1.0, 1.0, 1.0, 1.0]","[1.0, 1.0, 1.0, 1.0, 3.0]"
378,medium,30,3,80,0.2,-240.0,-240.0,0.0,0.0,0.0,0.0,0.0,30,30,0,,,"[1.0, 1.0, 1.0, 1.0]","[1.0, 1.0, 1.0, 1.0, 3.0]"
379,medium,30,3,80,0.21,-240.0,-240.0,0.0,0.0,0.0,0.0,0.0,30,30,0,,,"[1.0, 1.0, 1.0, 1.0]","[1.0, 1.0, 1.0, 1.0, 3.0]"
380,medium,30,4,80,2.56,-781.52,-781.52,0.0,36.4,36.4,274.4,274.4,28,28,80,,,"[2.6, 2.2, 1.6, 1.6]","[1.4, 1.5, 1.5, 1.8, 4.8]"
381,medium,30,2,80,0.18,-240.0,-240.0,0.0,0.0,0.0,0.0,0.0,30,30,0,,,"[1.0, 1.0, 1.0, 1.0]","[1.0, 1.0, 1.0, 1.0, 3.0]"
382,medium,30,2,80,1.73,-372.94,-372.94,0.0,18.2,18.2,68.2,68.2,29,29,80,,,"[2.0, 1.5, 2.25, 2.25]","[1.5, 1.55, 1.5, 1.95, 4.5]"
383,medium,30,1,80,0.14,-240.0,-240.0,0.0,0.0,0.0,0.0,0.0,30,30,0,,,"[1.0, 1.0, 1.0, 1.0]","[1.0, 1.0, 1.0, 1.0, 3.0]"
384,medium,30,2,80,0.17,-240.0,-240.0,0.0,0.0,0.0,0.0,0.0,30,30,0,,,"[1.0, 1.0, 1.0, 1.0]","[1.0, 1.0, 1.0, 1.0, 3.0]"
385,medium,30,3,80,1.95,-215.9,-215.9,0.0,18.0,18.0,0.0,0.0,29,29,80,,,"[1.25, 1.8, 2.95, 2.0]","[1.35, 1.35, 1.6, 1.4, 5.3]"
386,medium,30,2,80,0.17,-240.0,-240.0,0.0,0.0,0.0,0.0,0.0,30,30,0,,,"[1.0, 1.0, 1.0, 1.0]","[1.0, 1.0, 1.0, 1.0, 3.0]"
387,medium,30,2,80,0.18,-240.0,-240.0,0.0,0.0,0.0,0.0,0.0,30,30,0,,,"[1.0, 1.0, 1.0, 1.0]","[1.0, 1.0, 1.0, 1.0, 3.0]"
388,medium,30,3,80,2.3,-213.04,-213.04,0.0,10.6,10.6,0.0,0.0,29,29,80,,,"[1.6, 2.0, 2.1, 2.3]","[1.6, 1.55, 1.45, 1.4, 5.0]"
389,medium,30,2,80,1.73,-214.72,-214.72,0.0,8.4,8.4,0.0,0.0,29,29,80,,,"[1.8, 2.05, 2.2, 1.95]","[1.55, 1.3, 1.75, 1.55, 4.85]"
390,medium,30,1,80,0.14,-240.0,-240.0,0.0,0.0,0.0,0.0,0.0,30,30,0,,,"[1.0, 1.0, 1.0, 1.0]","[1.0, 1.0, 1.0, 1.0, 3.0]"
391,medium,30,1,80,0.13,-240.0,-240.0,0.0,0.0,0.0,0.0,0.0,30,30,0,,,"[1.0, 1.0, 1.0, 1.0]","[1.0, 1.0, 1.0, 1.0, 3.0]"
392,medium,30,1,80,0.14,-240.0,-240.0,0.0,0.0,0.0,0.0,0.0,30,30,0,,,"[1.0, 1.0, 1.0, 1.0]","[1.0, 1.0, 1.0, 1.0, 3.0]"
393,medium,30,1,80,0.15,-240.0,-240.0,0.0,0.0,0.0,0.0,0.0,30,30,0,,,"[1.0, 1.0, 1.0, 1.0]","[1.0, 1.0, 1.0, 1.0, 3.0]"
394,medium,30,1,80,1.5,-646.17,-646.17,0.0,17.8,17.8,204.8,204.8,29,29,80,,,"[2.15, 1.75, 1.75, 2.35]","[1.3, 1.5, 1.65, 1.6, 4.95]"
396,medium,30,1,80,0.12,-240.0,-240.0,0.0,0.0,0.0,0.0,0.0,30,30,0,,,"[1.0, 1.0, 1.0, 1.0]","[1.0, 1.0, 1.0, 1.0, 3.0]"
397,medium,30,1,80,0.14,-240.0,-240.0,0.0,0.0,0.0,0.0,0.0,30,30,0,,,"[1.0, 1.0, 1.0, 1.0]","[1.0, 1.0, 1.0, 1.0, 3.0]"
398,medium,30,1,80,0.14,-240.0,-240.0,0.0,0.0,0.0,0.0,0.0,30,30,0,,,"[1.0, 1.0, 1.0, 1.0]","[1.0, 1.0, 1.0, 1.0, 3.0]"
399,medium,30,1,80,0.14,-240.0,-240.0,0.0,0.0,0.0,0.0,0.0,30,30,0,,,"[1.0, 1.0, 1.0, 1.0]","[1.0, 1.0, 1.0, 1.0, 3.0]"
400,medium,30,1,80,0.14,-240.0,-240.0,0.0,0.0,0.0,0.0,0.0,30,30,0,,,"[1.0, 1.0, 1.0, 1.0]","[1.0, 1.0, 1.0, 1.0, 3.0]"
401,medium,30,1,80,1.68,-339.65,-339.65,0.0,18.2,18.2,52.2,52.2,29,29,80,,,"[1.95, 1.75, 2.4, 1.9]","[1.65, 1.75, 1.45, 1.4, 4.75]"
407,medium,30,1,80,0.13,-240.0,-240.0,0.0,0.0,0.0,0.0,0.0,30,30,0,,,"[1.0, 1.0, 1.0, 1.0]","[1.0, 1.0, 1.0, 1.0, 3.0]"
408,medium,30,4,80,0.25,-240.0,-240.0,0.0,0.0,0.0,0.0,0.0,30,30,0,,,"[1.0, 1.0, 1.0, 1.0]","[1.0, 1.0, 1.0, 1.0, 3.0]"
409,medium,30,4,80,0.24,-240.0,-240.0,0.0,0.0,0.0,0.0,0.0,30,30,0,,,"[1.0, 1.0, 1.0, 1.0]","[1.0, 1.0, 1.0, 1.0, 3.0]"
410,medium,30,5,80,2.26,-237.39,-237.39,0.0,17.6,17.6,0.6,0.6,29,29,80,,,"[1.75, 2.05, 2.15, 2.05]","[1.6, 1.65, 1.4, 1.55, 4.8]"
411,medium,30,4,80,0.27,-240.0,-240.0,0.0,0.0,0.0,0.0,0.0,30,30,0,,,"[1.0, 1.0, 1.0, 1.0]","[1.0, 1.0, 1.0, 1.0, 3.0]"
412,medium,30,4,80,0.24,-240.0,-240.0,0.0,0.0,0.0,0.0,0.0,30,30,0,,,"[1.0, 1.0, 1.0, 1.0]","[1.0, 1.0, 1.0, 1.0, 3.0]"
413,medium,30,5,80,0.27,-240.0,-240.0,0.0,0.0,0.0,0.0,0.0,30,30,0,,,"[1.0, 1.0, 1.0, 1.0]","[1.0, 1.0, 1.0, 1.0, 3.0]"
414,medium,30,5,80,0.28,-240.0,-240.0,0.0,0.0,0.0,0.0,0.0,30,30,0,,,"[1.0, 1.0, 1.0, 1.0]","[1.0, 1.0, 1.0, 1.0, 3.0]"
415,medium,30,5,80,0.29,-240.0,-240.0,0.0,0.0,0.0,0.0,0.0,30,30,0,,,"[1.0, 1.0, 1.0, 1.0]","[1.0, 1.0, 1.0, 1.0, 3.0]"
416,medium,30,5,80,3.17,-1857.85,-1857.85,0.0,77.2,77.2,810.2,810.2,27,27,80,related,energy_safe,"[1.8, 1.9, 2.15, 2.3]","[1.7, 1.5, 1.55, 2.0, 4.4]"
417,medium,30,2,80,0.19,-240.0,-240.0,0.0,0.0,0.0,0.0,0.0,30,30,0,,,"[1.0, 1.0, 1.0, 1.0]","[1.0, 1.0, 1.0, 1.0, 3.0]"
418,medium,30,2,80,1.77,-779.39,-779.39,0.0,26.4,26.4,269.4,269.4,29,29,80,,,"[2.0, 2.05, 2.15, 1.8]","[1.7, 1.8, 1.75, 1.6, 4.15]"
419,medium,30,1,80,0.15,-240.0,-240.0,0.0,0.0,0.0,0.0,0.0,30,30,0,,,"[1.0, 1.0, 1.0, 1.0]","[1.0, 1.0, 1.0, 1.0, 3.0]"
420,medium,30,2,80,0.18,-240.0,-240.0,0.0,0.0,0.0,0.0,0.0,30,30,0,,,"[1.0, 1.0, 1.0, 1.0]","[1.0, 1.0, 1.0, 1.0, 3.0]"
421,medium,30,2,80,3.56,-1189.71,-1189.71,0.0,25.4,25.4,476.1,476.1,28,28,80,,,"[1.6, 1.7, 2.95, 1.75]","[1.6, 1.4, 1.7, 1.75, 4.55]"
422,medium,30,1,80,0.15,-240.0,-240.0,0.0,0.0,0.0,0.0,0.0,30,30,0,,,"[1.0, 1.0, 1.0, 1.0]","[1.0, 1.0, 1.0, 1.0, 3.0]"
423,medium,30,1,80,0.59,-240.0,-240.0,0.0,0.0,0.0,0.0,0.0,30,30,0,,,"[1.0, 1.0, 1.0, 1.0]","[1.0, 1.0, 1.0, 1.0, 3.0]"
424,medium,30,1,80,0.15,-240.0,-240.0,0.0,0.0,0.0,0.0,0.0,30,30,0,,,"[1.0, 1.0, 1.0, 1.0]","[1.0, 1.0, 1.0, 1.0, 3.0]"
425,medium,30,1,80,0.14,-240.0,-240.0,0.0,0.0,0.0,0.0,0.0,30,30,0,,,"[1.0, 1.0, 1.0, 1.0]","[1.0, 1.0, 1.0, 1.0, 3.0]"
426,medium,30,1,80,0.15,-240.0,-240.0,0.0,0.0,0.0,0.0,0.0,30,30,0,,,"[1.0, 1.0, 1.0, 1.0]","[1.0, 1.0, 1.0, 1.0, 3.0]"
427,medium,30,1,80,0.18,-240.0,-240.0,0.0,0.0,0.0,0.0,0.0,30,30,0,,,"[1.0, 1.0, 1.0, 1.0]","[1.0, 1.0, 1.0, 1.0, 3.0]"
428,medium,30,1,80,1.57,-789.59,-789.59,0.0,27.0,27.0,275.0,275.0,29,29,80,,,"[2.4, 2.1, 1.5, 2.0]","[1.5, 1.75, 1.4, 1.55, 4.8]"
429,medium,30,1,80,0.15,-240.0,-240.0,0.0,0.0,0.0,0.0,0.0,30,30,0,,,"[1.0, 1.0, 1.0, 1.0]","[1.0, 1.0, 1.0, 1.0, 3.0]"
430,medium,30,1,80,0.15,-240.0,-240.0,0.0,0.0,0.0,0.0,0.0,30,30,0,,,"[1.0, 1.0, 1.0, 1.0]","[1.0, 1.0, 1.0, 1.0, 3.0]"
431,medium,30,1,80,0.15,-240.0,-240.0,0.0,0.0,0.0,0.0,0.0,30,30,0,,,"[1.0, 1.0, 1.0, 1.0]","[1.0, 1.0, 1.0, 1.0, 3.0]"
432,medium,30,1,80,0.15,-240.0,-240.0,0.0,0.0,0.0,0.0,0.0,30,30,0,,,"[1.0, 1.0, 1.0, 1.0]","[1.0, 1.0, 1.0, 1.0, 3.0]"
433,medium,30,1,80,0.15,-240.0,-240.0,0.0,0.0,0.0,0.0,0.0,30,30,0,,,"[1.0, 1.0, 1.0, 1.0]","[1.0, 1.0, 1.0, 1.0, 3.0]"
434,medium,30,1,80,0.15,-240.0,-240.0,0.0,0.0,0.0,0.0,0.0,30,30,0,,,"[1.0, 1.0, 1.0, 1.0]","[1.0, 1.0, 1.0, 1.0, 3.0]"
435,medium,30,1,80,0.15,-240.0,-240.0,0.0,0.0,0.0,0.0,0.0,30,30,0,,,"[1.0, 1.0, 1.0, 1.0]","[1.0, 1.0, 1.0, 1.0, 3.0]"
436,medium,30,2,80,0.18,-240.0,-240.0,0.0,0.0,0.0,0.0,0.0,30,30,0,,,"[1.0, 1.0, 1.0, 1.0]","[1.0, 1.0, 1.0, 1.0, 3.0]"
437,medium,30,2,80,1.64,-748.84,-748.84,0.0,25.4,25.4,254.4,254.4,29,29,80,,,"[2.15, 2.2, 1.45, 2.2]","[1.5, 1.4, 1.5, 1.5, 5.1]"
438,medium,30,1,80,0.15,-240.0,-240.0,0.0,0.0,0.0,0.0,0.0,30,30,0,,,"[1.0, 1.0, 1.0, 1.0]","[1.0, 1.0, 1.0, 1.0, 3.0]"
439,medium,30,1,80,0.15,-240.0,-240.0,0.0,0.0,0.0,0.0,0.0,30,30,0,,,"[1.0, 1.0, 1.0, 1.0]","[1.0, 1.0, 1.0, 1.0, 3.0]"
440,medium,30,1,80,0.15,-240.0,-240.0,0.0,0.0,0.0,0.0,0.0,30,30,0,,,"[1.0, 1.0, 1.0, 1.0]","[1.0, 1.0, 1.0, 1.0, 3.0]"
441,medium,30,1,80,0.15,-240.0,-240.0,0.0,0.0,0.0,0.0,0.0,30,30,0,,,"[1.0, 1.0, 1.0, 1.0]","[1.0, 1.0, 1.0, 1.0, 3.0]"
442,medium,30,1,80,1.62,-731.78,-731.78,0.0,18.6,18.6,246.6,246.6,29,29,80,,,"[1.8, 1.65, 2.35, 2.2]","[1.65, 1.2, 1.75, 1.6, 4.8]"
450,medium,30,2,80,0.16,-240.0,-240.0,0.0,0.0,0.0,0.0,0.0,30,30,0,,,"[1.0, 1.0, 1.0, 1.0]","[1.0, 1.0, 1.0, 1.0, 3.0]"
451,medium,30,2,80,0.19,-240.0,-240.0,0.0,0.0,0.0,0.0,0.0,30,30,0,,,"[1.0, 1.0, 1.0, 1.0]","[1.0, 1.0, 1.0, 1.0, 3.0]"
452,medium,30,2,80,0.18,-240.0,-240.0,0.0,0.0,0.0,0.0,0.0,30,30,0,,,"[1.0, 1.0, 1.0, 1.0]","[1.0, 1.0, 1.0, 1.0, 3.0]"
453,medium,30,2,80,0.19,-240.0,-240.0,0.0,0.0,0.0,0.0,0.0,30,30,0,,,"[1.0, 1.0, 1.0, 1.0]","[1.0, 1.0, 1.0, 1.0, 3.0]"
454,medium,30,3,80,0.22,-240.0,-240.0,0.0,0.0,0.0,0.0,0.0,30,30,0,,,"[1.0, 1.0, 1.0, 1.0]","[1.0, 1.0, 1.0, 1.0, 3.0]"
455,medium,30,3,80,0.22,-240.0,-240.0,0.0,0.0,0.0,0.0,0.0,30,30,0,,,"[1.0, 1.0, 1.0, 1.0]","[1.0, 1.0, 1.0, 1.0, 3.0]"
456,medium,30,4,80,2.4,-213.59,-213.59,0.0,10.0,10.0,0.0,0.0,29,29,80,,,"[1.7, 2.4, 1.65, 2.25]","[1.45, 1.75, 1.75, 1.45, 4.6]"
457,medium,30,3,80,0.23,-240.0,-240.0,0.0,0.0,0.0,0.0,0.0,30,30,0,,,"[1.0, 1.0, 1.0, 1.0]","[1.0, 1.0, 1.0, 1.0, 3.0]"
458,medium,30,3,80,1.82,-835.35,-835.35,0.0,26.2,26.2,298.2,298.2,29,29,80,,,"[2.15, 2.45, 1.85, 1.55]","[1.55, 1.6, 1.5, 1.55, 4.8]"
459,medium,30,3,80,1.88,-756.36,-756.36,0.0,15.8,15.8,258.8,258.8,29,29,80,,,"[1.9, 1.5, 1.9, 2.7]","[1.45, 1.25, 1.45, 2.0, 4.85]"
460,medium,30,2,80,0.21,-240.0,-240.0,0.0,0.0,0.0,0.0,0.0,30,30,0,,,"[1.0, 1.0, 1.0, 1.0]","[1.0, 1.0, 1.0, 1.0, 3.0]"
461,medium,30,2,80,0.21,-240.0,-240.0,0.0,0.0,0.0,0.0,0.0,30,30,0,,,"[1.0, 1.0, 1.0, 1.0]","[1.0, 1.0, 1.0, 1.0, 3.0]"
462,medium,30,2,80,0.19,-240.0,-240.0,0.0,0.0,0.0,0.0,0.0,30,30,0,,,"[1.0, 1.0, 1.0, 1.0]","[1.0, 1.0, 1.0, 1.0, 3.0]"
463,medium,30,2,80,0.19,-240.0,-240.0,0.0,0.0,0.0,0.0,0.0,30,30,0,,,"[1.0, 1.0, 1.0, 1.0]","[1.0, 1.0, 1.0, 1.0, 3.0]"
464,medium,30,2,80,1.67,-835.91,-835.91,0.0,26.4,26.4,298.4,298.4,29,29,80,,,"[1.8, 1.7, 2.05, 2.45]","[1.4, 1.45, 1.85, 1.7, 4.6]"
465,medium,30,1,80,1.48,-214.36,-214.36,0.0,7.6,7.6,0.0,0.0,29,29,80,,,"[1.7, 2.55, 1.7, 2.05]","[1.9, 1.5, 1.7, 1.3, 4.6]"
466,medium,30,1,80,0.16,-240.0,-240.0,0.0,0.0,0.0,0.0,0.0,30,30,0,,,"[1.0, 1.0, 1.0, 1.0]","[1.0, 1.0, 1.0, 1.0, 3.0]"
467,medium,30,1,80,0.16,-240.0,-240.0,0.0,0.0,0.0,0.0,0.0,30,30,0,,,"[1.0, 1.0, 1.0, 1.0]","[1.0, 1.0, 1.0, 1.0, 3.0]"
468,medium,30,1,80,0.16,-240.0,-240.0,0.0,0.0,0.0,0.0,0.0,30,30,0,,,"[1.0, 1.0, 1.0, 1.0]","[1.0, 1.0, 1.0, 1.0, 3.0]"
469,medium,30,1,80,0.16,-240.0,-240.0,0.0,0.0,0.0,0.0,0.0,30,30,0,,,"[1.0, 1.0, 1.0, 1.0]","[1.0, 1.0, 1.0, 1.0, 3.0]"
470,medium,30,1,80,0.16,-240.0,-240.0,0.0,0.0,0.0,0.0,0.0,30,30,0,,,"[1.0, 1.0, 1.0, 1.0]","[1.0, 1.0, 1.0, 1.0, 3.0]"
471,medium,30,2,80,0.19,-240.0,-240.0,0.0,0.0,0.0,0.0,0.0,30,30,0,,,"[1.0, 1.0, 1.0, 1.0]","[1.0, 1.0, 1.0, 1.0, 3.0]"
472,medium,30,3,80,0.22,-240.0,-240.0,0.0,0.0,0.0,0.0,0.0,30,30,0,,,"[1.0, 1.0, 1.0, 1.0]","[1.0, 1.0, 1.0, 1.0, 3.0]"
473,medium,30,3,80,0.24,-240.0,-240.0,0.0,0.0,0.0,0.0,0.0,30,30,0,,,"[1.0, 1.0, 1.0, 1.0]","[1.0, 1.0, 1.0, 1.0, 3.0]"
474,medium,30,4,80,2.12,-833.28,-833.28,0.0,26.8,26.8,295.8,295.8,29,29,80,,,"[1.9, 2.3, 1.75, 2.05]","[1.35, 1.5, 1.7, 1.55, 4.9]"
475,medium,30,3,80,3.26,-217.34,-217.34,0.0,7.6,7.6,0.0,0.0,29,29,80,,,"[1.6, 2.35, 1.9, 2.15]","[1.6, 1.6, 1.4, 1.8, 4.6]"
476,medium,30,2,80,2.24,-214.98,-214.98,0.0,7.6,7.6,0.0,0.0,29,29,80,,,"[2.35, 1.95, 1.75, 1.95]","[1.8, 1.55, 1.4, 1.45, 4.8]"
477,medium,30,1,80,1.57,-358.18,-358.18,0.0,7.8,7.8,60.8,60.8,29,29,80,,,"[1.7, 2.2, 2.25, 1.85]","[1.65, 1.9, 1.45, 1.3, 4.7]"
481,medium,30,1,80,1.59,-238.38,-238.38,0.0,7.8,7.8,0.8,0.8,29,29,80,,,"[1.75, 2.3, 1.9, 2.05]","[1.4, 1.55, 1.75, 1.75, 4.55]"
483,medium,30,1,80,0.15,-240.0,-240.0,0.0,0.0,0.0,0.0,0.0,30,30,0,,,"[1.0, 1.0, 1.0, 1.0]","[1.0, 1.0, 1.0, 1.0, 3.0]"
484,medium,30,1,80,0.17,-240.0,-240.0,0.0,0.0,0.0,0.0,0.0,30,30,0,,,"[1.0, 1.0, 1.0, 1.0]","[1.0, 1.0, 1.0, 1.0, 3.0]"
485,medium,30,1,80,0.17,-240.0,-240.0,0.0,0.0,0.0,0.0,0.0,30,30,0,,,"[1.0, 1.0, 1.0, 1.0]","[1.0, 1.0, 1.0, 1.0, 3.0]"
486,medium,30,1,80,1.59,-212.53,-212.53,0.0,8.4,8.4,0.0,0.0,29,29,80,,,"[2.55, 1.95, 1.7, 1.8]","[1.6, 1.35, 1.6, 1.3, 5.15]"
491,medium,30,1,80,0.16,-240.0,-240.0,0.0,0.0,0.0,0.0,0.0,30,30,0,,,"[1.0, 1.0, 1.0, 1.0]","[1.0, 1.0, 1.0, 1.0, 3.0]"
492,medium,30,2,80,0.2,-240.0,-240.0,0.0,0.0,0.0,0.0,0.0,30,30,0,,,"[1.0, 1.0, 1.0, 1.0]","[1.0, 1.0, 1.0, 1.0, 3.0]"
493,medium,30,3,80,0.23,-240.0,-240.0,0.0,0.0,0.0,0.0,0.0,30,30,0,,,"[1.0, 1.0, 1.0, 1.0]","[1.0, 1.0, 1.0, 1.0, 3.0]"
494,medium,30,3,80,0.24,-240.0,-240.0,0.0,0.0,0.0,0.0,0.0,30,30,0,,,"[1.0, 1.0, 1.0, 1.0]","[1.0, 1.0, 1.0, 1.0, 3.0]"
495,medium,30,3,80,2.41,-215.75,-215.75,0.0,17.6,17.6,0.0,0.0,29,29,80,,,"[1.85, 2.4, 1.7, 2.05]","[1.5, 1.85, 1.55, 1.8, 4.3]"
496,medium,30,3,80,0.23,-240.0,-240.0,0.0,0.0,0.0,0.0,0.0,30,30,0,,,"[1.0, 1.0, 1.0, 1.0]","[1.0, 1.0, 1.0, 1.0, 3.0]"
497,medium,30,4,80,0.29,-240.0,-240.0,0.0,0.0,0.0,0.0,0.0,30,30,0,,,"[1.0, 1.0, 1.0, 1.0]","[1.0, 1.0, 1.0, 1.0, 3.0]"
498,medium,30,4,80,2.17,-916.95,-916.95,0.0,27.0,27.0,339.0,339.0,29,29,80,,,"[2.35, 1.45, 1.9, 2.3]","[1.75, 1.45, 1.35, 1.55, 4.9]"
499,medium,30,3,80,4.03,-1488.88,-1488.88,0.0,34.6,34.6,636.5,636.5,27,27,80,,,"[1.85, 2.1, 2.2, 1.85]","[1.4, 1.65, 1.7, 1.9, 4.35]"
500,medium,30,1,80,0.17,-240.0,-240.0,0.0,0.0,0.0,0.0,0.0,30,30,0,,,"[1.0, 1.0, 1.0, 1.0]","[1.0, 1.0, 1.0, 1.0, 3.0]"
501,medium,30,1,80,1.59,-794.67,-794.67,0.0,15.8,15.8,277.8,277.8,29,29,80,,,"[1.95, 2.2, 2.15, 1.7]","[1.55, 1.85, 1.45, 1.5, 4.65]"
502,medium,30,1,80,0.16,-240.0,-240.0,0.0,0.0,0.0,0.0,0.0,30,30,0,,,"[1.0, 1.0, 1.0, 1.0]","[1.0, 1.0, 1.0, 1.0, 3.0]"
503,medium,30,1,80,0.16,-240.0,-240.0,0.0,0.0,0.0,0.0,0.0,30,30,0,,,"[1.0, 1.0, 1.0, 1.0]","[1.0, 1.0, 1.0, 1.0, 3.0]"
504,medium,30,2,80,0.2,-240.0,-240.0,0.0,0.0,0.0,0.0,0.0,30,30,0,,,"[1.0, 1.0, 1.0, 1.0]","[1.0, 1.0, 1.0, 1.0, 3.0]"
505,medium,30,2,80,1.76,-218.98,-218.98,0.0,7.8,7.8,0.0,0.0,29,29,80,,,"[1.85, 1.6, 2.4, 2.15]","[1.3, 1.4, 1.6, 1.35, 5.35]"
506,medium,30,1,80,1.63,-407.93,-407.93,0.0,8.2,8.2,86.2,86.2,29,29,80,,,"[2.15, 2.1, 2.05, 1.7]","[1.55, 1.3, 1.85, 1.5, 4.8]"
512,medium,30,1,80,0.15,-240.0,-240.0,0.0,0.0,0.0,0.0,0.0,30,30,0,,,"[1.0, 1.0, 1.0, 1.0]","[1.0, 1.0, 1.0, 1.0, 3.0]"
513,medium,30,1,80,0.17,-240.0,-240.0,0.0,0.0,0.0,0.0,0.0,30,30,0,,,"[1.0, 1.0, 1.0, 1.0]","[1.0, 1.0, 1.0, 1.0, 3.0]"
514,medium,30,1,80,0.16,-240.0,-240.0,0.0,0.0,0.0,0.0,0.0,30,30,0,,,"[1.0, 1.0, 1.0, 1.0]","[1.0, 1.0, 1.0, 1.0, 3.0]"
515,medium,30,2,80,0.22,-240.0,-240.0,0.0,0.0,0.0,0.0,0.0,30,30,0,,,"[1.0, 1.0, 1.0, 1.0]","[1.0, 1.0, 1.0, 1.0, 3.0]"
516,medium,30,2,80,0.23,-240.0,-240.0,0.0,0.0,0.0,0.0,0.0,30,30,0,,,"[1.0, 1.0, 1.0, 1.0]","[1.0, 1.0, 1.0, 1.0, 3.0]"
517,medium,30,2,80,0.2,-240.0,-240.0,0.0,0.0,0.0,0.0,0.0,30,30,0,,,"[1.0, 1.0, 1.0, 1.0]","[1.0, 1.0, 1.0, 1.0, 3.0]"
518,medium,30,2,80,1.81,-215.87,-215.87,0.0,18.4,18.4,0.0,0.0,29,29,80,,,"[1.75, 2.25, 1.55, 2.45]","[1.6, 1.7, 1.35, 1.65, 4.7]"
519,medium,30,1,80,1.59,-215.22,-215.22,0.0,8.2,8.2,0.0,0.0,29,29,80,,,"[1.95, 1.95, 2.15, 1.95]","[1.55, 1.7, 1.45, 1.75, 4.55]"
521,medium,30,2,80,0.2,-240.0,-240.0,0.0,0.0,0.0,0.0,0.0,30,30,0,,,"[1.0, 1.0, 1.0, 1.0]","[1.0, 1.0, 1.0, 1.0, 3.0]"
522,medium,30,2,80,0.2,-240.0,-240.0,0.0,0.0,0.0,0.0,0.0,30,30,0,,,"[1.0, 1.0, 1.0, 1.0]","[1.0, 1.0, 1.0, 1.0, 3.0]"
523,medium,30,2,80,1.9,-275.49,-275.49,0.0,8.2,8.2,19.2,19.2,29,29,80,,,"[1.7, 1.9, 1.75, 2.65]","[1.65, 1.9, 1.35, 1.65, 4.45]"
524,medium,30,2,80,1.76,-216.88,-216.88,0.0,8.2,8.2,0.0,0.0,29,29,80,,,"[2.25, 1.85, 1.75, 2.15]","[1.35, 1.6, 1.5, 1.7, 4.85]"
525,medium,30,2,80,0.2,-240.0,-240.0,0.0,0.0,0.0,0.0,0.0,30,30,0,,,"[1.0, 1.0, 1.0, 1.0]","[1.0, 1.0, 1.0, 1.0, 3.0]"
526,medium,30,2,80,0.21,-240.0,-240.0,0.0,0.0,0.0,0.0,0.0,30,30,0,,,"[1.0, 1.0, 1.0, 1.0]","[1.0, 1.0, 1.0, 1.0, 3.0]"
527,medium,30,2,80,1.91,-216.1,-216.1,0.0,8.2,8.2,0.0,0.0,29,29,80,,,"[2.0, 2.2, 1.8, 2.0]","[1.6, 1.55, 1.55, 1.9, 4.4]"
528,medium,30,1,80,1.57,-413.17,-413.17,0.0,8.4,8.4,87.4,87.4,29,29,80,,,"[1.65, 2.3, 1.7, 2.35]","[1.55, 1.65, 1.6, 1.25, 4.95]"
536,medium,30,1,80,0.17,-240.0,-240.0,0.0,0.0,0.0,0.0,0.0,30,30,0,,,"[1.0, 1.0, 1.0, 1.0]","[1.0, 1.0, 1.0, 1.0, 3.0]"
537,medium,30,2,80,0.2,-240.0,-240.0,0.0,0.0,0.0,0.0,0.0,30,30,0,,,"[1.0, 1.0, 1.0, 1.0]","[1.0, 1.0, 1.0, 1.0, 3.0]"
538,medium,30,2,80,2.03,-280.12,-280.12,0.0,8.4,8.4,21.4,21.4,29,29,80,,,"[2.35, 2.05, 1.55, 2.05]","[1.5, 1.45, 1.45, 1.55, 5.05]"
539,medium,30,1,80,1.6,-218.65,-218.65,0.0,8.4,8.4,0.0,0.0,29,29,80,,,"[2.35, 1.4, 2.3, 1.95]","[1.65, 1.4, 1.55, 1.45, 4.95]"
541,medium,30,2,80,0.19,-240.0,-240.0,0.0,0.0,0.0,0.0,0.0,30,30,0,,,"[1.0, 1.0, 1.0, 1.0]","[1.0, 1.0, 1.0, 1.0, 3.0]"
542,medium,30,3,80,0.23,-240.0,-240.0,0.0,0.0,0.0,0.0,0.0,30,30,0,,,"[1.0, 1.0, 1.0, 1.0]","[1.0, 1.0, 1.0, 1.0, 3.0]"
543,medium,30,3,80,0.24,-240.0,-240.0,0.0,0.0,0.0,0.0,0.0,30,30,0,,,"[1.0, 1.0, 1.0, 1.0]","[1.0, 1.0, 1.0, 1.0, 3.0]"
544,medium,30,3,80,2.14,-441.69,-441.69,0.0,10.0,10.0,101.0,101.0,29,29,80,,,"[2.1, 2.1, 1.85, 1.95]","[1.7, 1.3, 1.4, 1.55, 5.05]"
545,medium,30,3,80,2.4,-409.22,-409.22,0.0,10.0,10.0,85.0,85.0,29,29,80,,,"[2.0, 2.15, 1.55, 2.3]","[1.75, 1.4, 1.6, 1.55, 4.7]"
546,medium,30,4,80,2.01,-363.1,-363.1,0.0,10.0,10.0,64.0,64.0,29,29,80,,,"[2.2, 1.75, 1.5, 2.55]","[1.55, 1.6, 1.5, 1.35, 5.0]"
547,medium,30,3,80,0.24,-240.0,-240.0,0.0,0.0,0.0,0.0,0.0,30,30,0,,,"[1.0, 1.0, 1.0, 1.0]","[1.0, 1.0, 1.0, 1.0, 3.0]"
548,medium,30,3,80,2.0,-214.34,-214.34,0.0,10.6,10.6,0.0,0.0,29,29,80,,,"[2.0, 1.9, 2.1, 2.0]","[1.6, 1.65, 1.5, 1.45, 4.8]"
549,medium,30,2,80,2.1,-353.63,-353.63,0.0,10.0,10.0,57.0,57.0,29,29,80,,,"[2.4, 2.2, 1.55, 1.85]","[1.2, 1.4, 1.55, 1.65, 5.2]"
550,medium,30,1,80,1.6,-321.4,-321.4,0.0,10.0,10.0,43.0,43.0,29,29,80,,,"[2.0, 1.8, 2.35, 1.85]","[1.55, 1.45, 1.4, 1.6, 5.0]"
556,medium,30,1,80,0.15,-240.0,-240.0,0.0,0.0,0.0,0.0,0.0,30,30,0,,,"[1.0, 1.0, 1.0, 1.0]","[1.0, 1.0, 1.0, 1.0, 3.0]"
557,medium,30,2,80,0.2,-240.0,-240.0,0.0,0.0,0.0,0.0,0.0,30,30,0,,,"[1.0, 1.0, 1.0, 1.0]","[1.0, 1.0, 1.0, 1.0, 3.0]"
558,medium,30,2,80,0.19,-240.0,-240.0,0.0,0.0,0.0,0.0,0.0,30,30,0,,,"[1.0, 1.0, 1.0, 1.0]","[1.0, 1.0, 1.0, 1.0, 3.0]"
559,medium,30,2,80,0.2,-240.0,-240.0,0.0,0.0,0.0,0.0,0.0,30,30,0,,,"[1.0, 1.0, 1.0, 1.0]","[1.0, 1.0, 1.0, 1.0, 3.0]"
560,medium,30,2,80,0.2,-240.0,-240.0,0.0,0.0,0.0,0.0,0.0,30,30,0,,,"[1.0, 1.0, 1.0, 1.0]","[1.0, 1.0, 1.0, 1.0, 3.0]"
561,medium,30,2,80,0.21,-240.0,-240.0,0.0,0.0,0.0,0.0,0.0,30,30,0,,,"[1.0, 1.0, 1.0, 1.0]","[1.0, 1.0, 1.0, 1.0, 3.0]"
562,medium,30,3,80,0.24,-240.0,-240.0,0.0,0.0,0.0,0.0,0.0,30,30,0,,,"[1.0, 1.0, 1.0, 1.0]","[1.0, 1.0, 1.0, 1.0, 3.0]"
563,medium,30,4,80,0.28,-240.0,-240.0,0.0,0.0,0.0,0.0,0.0,30,30,0,,,"[1.0, 1.0, 1.0, 1.0]","[1.0, 1.0, 1.0, 1.0, 3.0]"
564,medium,30,5,80,2.28,-1002.77,-1002.77,0.0,26.4,26.4,383.4,383.4,29,29,80,,,"[1.85, 2.0, 1.95, 2.2]","[1.55, 1.55, 1.6, 1.6, 4.7]"
565,medium,30,4,80,4.01,-1666.08,-1666.08,0.0,25.4,25.4,714.1,714.1,28,28,80,,,"[2.15, 2.15, 1.6, 2.1]","[1.45, 1.55, 1.45, 1.6, 4.95]"
566,medium,30,3,80,0.23,-240.0,-240.0,0.0,0.0,0.0,0.0,0.0,30,30,0,,,"[1.0, 1.0, 1.0, 1.0]","[1.0, 1.0, 1.0, 1.0, 3.0]"
567,medium,30,4,80,0.27,-240.0,-240.0,0.0,0.0,0.0,0.0,0.0,30,30,0,,,"[1.0, 1.0, 1.0, 1.0]","[1.0, 1.0, 1.0, 1.0, 3.0]"
568,medium,30,6,80,3.13,-862.7,-862.7,0.0,17.8,17.8,311.8,311.8,29,29,80,,,"[1.65, 2.6, 1.85, 1.9]","[1.25, 2.3, 1.5, 1.75, 4.2]"
569,medium,30,5,80,2.61,-901.39,-901.39,0.0,18.2,18.2,332.2,332.2,29,29,80,,,"[1.85, 1.8, 2.25, 2.1]","[1.5, 1.55, 2.2, 1.45, 4.3]"
570,medium,30,4,80,2.08,-921.43,-921.43,0.0,17.8,17.8,340.8,340.8,29,29,80,,,"[1.85, 2.05, 1.75, 2.35]","[1.55, 1.6, 1.45, 1.65, 4.75]"
571,medium,30,3,80,2.67,-213.97,-213.97,0.0,8.4,8.4,0.0,0.0,29,29,80,,,"[2.55, 1.9, 1.95, 1.6]","[1.65, 1.5, 1.7, 1.5, 4.65]"
572,medium,30,2,80,0.2,-240.0,-240.0,0.0,0.0,0.0,0.0,0.0,30,30,0,,,"[1.0, 1.0, 1.0, 1.0]","[1.0, 1.0, 1.0, 1.0, 3.0]"
573,medium,30,2,80,0.2,-240.0,-240.0,0.0,0.0,0.0,0.0,0.0,30,30,0,,,"[1.0, 1.0, 1.0, 1.0]","[1.0, 1.0, 1.0, 1.0, 3.0]"
574,medium,30,2,80,0.21,-240.0,-240.0,0.0,0.0,0.0,0.0,0.0,30,30,0,,,"[1.0, 1.0, 1.0, 1.0]","[1.0, 1.0, 1.0, 1.0, 3.0]"
575,medium,30,2,80,1.8,-992.74,-992.74,0.0,25.4,25.4,375.4,375.4,29,29,80,,,"[1.8, 1.7, 2.1, 2.4]","[1.7, 1.6, 1.2, 1.6, 4.9]"
576,medium,30,1,80,1.44,-968.52,-968.52,0.0,25.4,25.4,365.4,365.4,29,29,80,,,"[2.0, 2.35, 1.6, 2.05]","[2.5, 1.45, 1.45, 1.55, 4.05]"
589,medium,30,1,80,0.17,-240.0,-240.0,0.0,0.0,0.0,0.0,0.0,30,30,0,,,"[1.0, 1.0, 1.0, 1.0]","[1.0, 1.0, 1.0, 1.0, 3.0]"
590,medium,30,1,80,0.21,-240.0,-240.0,0.0,0.0,0.0,0.0,0.0,30,30,0,,,"[1.0, 1.0, 1.0, 1.0]","[1.0, 1.0, 1.0, 1.0, 3.0]"
591,medium,30,1,80,0.18,-240.0,-240.0,0.0,0.0,0.0,0.0,0.0,30,30,0,,,"[1.0, 1.0, 1.0, 1.0]","[1.0, 1.0, 1.0, 1.0, 3.0]"
592,medium,30,1,80,0.17,-240.0,-240.0,0.0,0.0,0.0,0.0,0.0,30,30,0,,,"[1.0, 1.0, 1.0, 1.0]","[1.0, 1.0, 1.0, 1.0, 3.0]"
593,medium,30,1,80,1.58,-215.07,-215.07,0.0,15.4,15.4,0.0,0.0,29,29,80,,,"[2.25, 2.05, 1.8, 1.9]","[1.3, 1.7, 1.75, 1.55, 4.7]"
594,medium,30,1,80,0.17,-240.0,-240.0,0.0,0.0,0.0,0.0,0.0,30,30,0,,,"[1.0, 1.0, 1.0, 1.0]","[1.0, 1.0, 1.0, 1.0, 3.0]"
595,medium,30,1,80,0.17,-240.0,-240.0,0.0,0.0,0.0,0.0,0.0,30,30,0,,,"[1.0, 1.0, 1.0, 1.0]","[1.0, 1.0, 1.0, 1.0, 3.0]"
596,medium,30,2,80,0.2,-240.0,-240.0,0.0,0.0,0.0,0.0,0.0,30,30,0,,,"[1.0, 1.0, 1.0, 1.0]","[1.0, 1.0, 1.0, 1.0, 3.0]"
597,medium,30,3,80,0.23,-240.0,-240.0,0.0,0.0,0.0,0.0,0.0,30,30,0,,,"[1.0, 1.0, 1.0, 1.0]","[1.0, 1.0, 1.0, 1.0, 3.0]"
598,medium,30,3,80,0.27,-240.0,-240.0,0.0,0.0,0.0,0.0,0.0,30,30,0,,,"[1.0, 1.0, 1.0, 1.0]","[1.0, 1.0, 1.0, 1.0, 3.0]"
599,medium,30,3,80,0.24,-240.0,-240.0,0.0,0.0,0.0,0.0,0.0,30,30,0,,,"[1.0, 1.0, 1.0, 1.0]","[1.0, 1.0, 1.0, 1.0, 3.0]"
600,medium,30,3,80,2.33,-930.53,-930.53,0.0,18.6,18.6,346.6,346.6,29,29,80,,,"[2.05, 2.65, 1.45, 1.85]","[1.35, 1.5, 1.45, 1.6, 5.1]"
601,medium,30,2,80,1.91,-216.2,-216.2,0.0,18.4,18.4,0.0,0.0,29,29,80,,,"[2.55, 1.8, 2.0, 1.65]","[1.3, 1.4, 1.65, 1.65, 5.0]"
602,medium,30,2,80,0.2,-240.0,-240.0,0.0,0.0,0.0,0.0,0.0,30,30,0,,,"[1.0, 1.0, 1.0, 1.0]","[1.0, 1.0, 1.0, 1.0, 3.0]"
603,medium,30,3,80,0.26,-240.0,-240.0,0.0,0.0,0.0,0.0,0.0,30,30,0,,,"[1.0, 1.0, 1.0, 1.0]","[1.0, 1.0, 1.0, 1.0, 3.0]"
604,medium,30,3,80,1.9,-1019.62,-1019.62,0.0,26.8,26.8,389.8,389.8,29,29,80,,,"[2.05, 2.2, 1.4, 2.35]","[1.55, 1.35, 2.05, 1.65, 4.4]"
605,medium,30,2,80,0.21,-240.0,-240.0,0.0,0.0,0.0,0.0,0.0,30,30,0,,,"[1.0, 1.0, 1.0, 1.0]","[1.0, 1.0, 1.0, 1.0, 3.0]"
606,medium,30,2,80,0.21,-240.0,-240.0,0.0,0.0,0.0,0.0,0.0,30,30,0,,,"[1.0, 1.0, 1.0, 1.0]","[1.0, 1.0, 1.0, 1.0, 3.0]"
607,medium,30,2,80,0.2,-240.0,-240.0,0.0,0.0,0.0,0.0,0.0,30,30,0,,,"[1.0, 1.0, 1.0, 1.0]","[1.0, 1.0, 1.0, 1.0, 3.0]"
608,medium,30,2,80,0.21,-240.0,-240.0,0.0,0.0,0.0,0.0,0.0,30,30,0,,,"[1.0, 1.0, 1.0, 1.0]","[1.0, 1.0, 1.0, 1.0, 3.0]"
609,medium,30,3,80,0.25,-240.0,-240.0,0.0,0.0,0.0,0.0,0.0,30,30,0,,,"[1.0, 1.0, 1.0, 1.0]","[1.0, 1.0, 1.0, 1.0, 3.0]"
610,medium,30,4,80,2.21,-1028.11,-1028.11,0.0,26.8,26.8,394.8,394.8,29,29,80,,,"[2.1, 2.05, 1.65, 2.2]","[2.05, 1.55, 1.3, 1.5, 4.6]"
611,medium,30,3,80,3.94,-1742.61,-1742.61,0.0,26.2,26.2,752.3,752.3,28,28,80,,,"[2.0, 1.75, 1.7, 2.55]","[1.4, 1.35, 1.8, 1.85, 4.6]"
612,medium,30,2,80,0.21,-240.0,-240.0,0.0,0.0,0.0,0.0,0.0,30,30,0,,,"[1.0, 1.0, 1.0, 1.0]","[1.0, 1.0, 1.0, 1.0, 3.0]"
613,medium,30,2,80,0.21,-240.0,-240.0,0.0,0.0,0.0,0.0,0.0,30,30,0,,,"[1.0, 1.0, 1.0, 1.0]","[1.0, 1.0, 1.0, 1.0, 3.0]"
614,medium,30,2,80,0.24,-240.0,-240.0,0.0,0.0,0.0,0.0,0.0,30,30,0,,,"[1.0, 1.0, 1.0, 1.0]","[1.0, 1.0, 1.0, 1.0, 3.0]"
615,medium,30,2,80,1.95,-951.05,-951.05,0.0,18.4,18.4,356.4,356.4,29,29,80,,,"[1.7, 1.9, 2.1, 2.3]","[1.85, 1.35, 1.5, 1.65, 4.65]"
616,medium,30,1,80,0.19,-240.0,-240.0,0.0,0.0,0.0,0.0,0.0,30,30,0,,,"[1.0, 1.0, 1.0, 1.0]","[1.0, 1.0, 1.0, 1.0, 3.0]"
617,medium,30,2,80,0.21,-240.0,-240.0,0.0,0.0,0.0,0.0,0.0,30,30,0,,,"[1.0, 1.0, 1.0, 1.0]","[1.0, 1.0, 1.0, 1.0, 3.0]"
618,medium,30,2,80,1.93,-1041.04,-1041.04,0.0,26.4,26.4,400.4,400.4,29,29,80,,,"[1.9, 2.2, 2.0, 1.9]","[1.6, 1.25, 1.8, 1.5, 4.85]"
619,medium,30,1,80,0.18,-240.0,-240.0,0.0,0.0,0.0,0.0,0.0,30,30,0,,,"[1.0, 1.0, 1.0, 1.0]","[1.0, 1.0, 1.0, 1.0, 3.0]"
620,medium,30,1,80,0.17,-240.0,-240.0,0.0,0.0,0.0,0.0,0.0,30,30,0,,,"[1.0, 1.0, 1.0, 1.0]","[1.0, 1.0, 1.0, 1.0, 3.0]"
621,medium,30,1,80,0.21,-240.0,-240.0,0.0,0.0,0.0,0.0,0.0,30,30,0,,,"[1.0, 1.0, 1.0, 1.0]","[1.0, 1.0, 1.0, 1.0, 3.0]"
622,medium,30,1,80,1.55,-215.96,-215.96,0.0,17.8,17.8,0.0,0.0,29,29,80,,,"[1.45, 2.2, 2.15, 2.2]","[2.0, 1.25, 1.55, 1.45, 4.75]"
629,medium,30,1,80,0.17,-240.0,-240.0,0.0,0.0,0.0,0.0,0.0,30,30,0,,,"[1.0, 1.0, 1.0, 1.0]","[1.0, 1.0, 1.0, 1.0, 3.0]"
630,medium,30,2,80,0.2,-240.0,-240.0,0.0,0.0,0.0,0.0,0.0,30,30,0,,,"[1.0, 1.0, 1.0, 1.0]","[1.0, 1.0, 1.0, 1.0, 3.0]"
631,medium,30,2,80,0.22,-240.0,-240.0,0.0,0.0,0.0,0.0,0.0,30,30,0,,,"[1.0, 1.0, 1.0, 1.0]","[1.0, 1.0, 1.0, 1.0, 3.0]"
632,medium,30,2,80,0.22,-240.0,-240.0,0.0,0.0,0.0,0.0,0.0,30,30,0,,,"[1.0, 1.0, 1.0, 1.0]","[1.0, 1.0, 1.0, 1.0, 3.0]"
633,medium,30,2,80,0.23,-240.0,-240.0,0.0,0.0,0.0,0.0,0.0,30,30,0,,,"[1.0, 1.0, 1.0, 1.0]","[1.0, 1.0, 1.0, 1.0, 3.0]"
634,medium,30,2,80,1.8,-215.49,-215.49,0.0,18.4,18.4,0.0,0.0,29,29,80,,,"[1.45, 2.15, 2.05, 2.35]","[1.7, 1.65, 1.55, 1.6, 4.5]"
635,medium,30,1,80,0.19,-240.0,-240.0,0.0,0.0,0.0,0.0,0.0,30,30,0,,,"[1.0, 1.0, 1.0, 1.0]","[1.0, 1.0, 1.0, 1.0, 3.0]"
636,medium,30,1,80,1.58,-215.62,-215.62,0.0,18.0,18.0,0.0,0.0,29,29,80,,,"[1.85, 1.65, 2.05, 2.45]","[1.5, 1.6, 1.1, 1.7, 5.1]"
642,medium,30,1,80,0.17,-240.0,-240.0,0.0,0.0,0.0,0.0,0.0,30,30,0,,,"[1.0, 1.0, 1.0, 1.0]","[1.0, 1.0, 1.0, 1.0, 3.0]"
643,medium,30,2,80,0.22,-240.0,-240.0,0.0,0.0,0.0,0.0,0.0,30,30,0,,,"[1.0, 1.0, 1.0, 1.0]","[1.0, 1.0, 1.0, 1.0, 3.0]"
644,medium,30,2,80,0.21,-240.0,-240.0,0.0,0.0,0.0,0.0,0.0,30,30,0,,,"[1.0, 1.0, 1.0, 1.0]","[1.0, 1.0, 1.0, 1.0, 3.0]"
645,medium,30,2,80,0.22,-240.0,-240.0,0.0,0.0,0.0,0.0,0.0,30,30,0,,,"[1.0, 1.0, 1.0, 1.0]","[1.0, 1.0, 1.0, 1.0, 3.0]"
646,medium,30,2,80,0.21,-240.0,-240.0,0.0,0.0,0.0,0.0,0.0,30,30,0,,,"[1.0, 1.0, 1.0, 1.0]","[1.0, 1.0, 1.0, 1.0, 3.0]"
647,medium,30,2,80,0.22,-240.0,-240.0,0.0,0.0,0.0,0.0,0.0,30,30,0,,,"[1.0, 1.0, 1.0, 1.0]","[1.0, 1.0, 1.0, 1.0, 3.0]"
648,medium,30,3,80,0.25,-240.0,-240.0,0.0,0.0,0.0,0.0,0.0,30,30,0,,,"[1.0, 1.0, 1.0, 1.0]","[1.0, 1.0, 1.0, 1.0, 3.0]"
649,medium,30,3,80,0.25,-240.0,-240.0,0.0,0.0,0.0,0.0,0.0,30,30,0,,,"[1.0, 1.0, 1.0, 1.0]","[1.0, 1.0, 1.0, 1.0, 3.0]"
650,medium,30,4,80,2.28,-1099.7,-1099.7,0.0,25.4,25.4,430.4,430.4,29,29,80,,,"[1.9, 2.15, 2.25, 1.7]","[1.5, 1.8, 1.4, 1.4, 4.9]"
651,medium,30,3,80,1.92,-1098.79,-1098.79,0.0,26.2,26.2,430.2,430.2,29,29,80,,,"[1.85, 2.1, 2.35, 1.7]","[1.7, 1.4, 1.45, 1.55, 4.9]"
652,medium,30,2,80,0.22,-240.0,-240.0,0.0,0.0,0.0,0.0,0.0,30,30,0,,,"[1.0, 1.0, 1.0, 1.0]","[1.0, 1.0, 1.0, 1.0, 3.0]"
653,medium,30,3,80,1.96,-1067.41,-1067.41,0.0,15.8,15.8,414.8,414.8,29,29,80,,,"[1.7, 2.15, 2.15, 2.0]","[1.65, 1.75, 1.35, 1.65, 4.6]"
654,medium,30,2,80,0.21,-240.0,-240.0,0.0,0.0,0.0,0.0,0.0,30,30,0,,,"[1.0, 1.0, 1.0, 1.0]","[1.0, 1.0, 1.0, 1.0, 3.0]"
655,medium,30,2,80,0.21,-240.0,-240.0,0.0,0.0,0.0,0.0,0.0,30,30,0,,,"[1.0, 1.0, 1.0, 1.0]","[1.0, 1.0, 1.0, 1.0, 3.0]"
656,medium,30,3,80,1.99,-1081.81,-1081.81,0.0,19.4,19.4,421.4,421.4,29,29,80,,,"[1.65, 2.5, 1.95, 1.9]","[1.6, 1.5, 1.45, 1.55, 4.9]"
657,medium,30,2,80,0.22,-240.0,-240.0,0.0,0.0,0.0,0.0,0.0,30,30,0,,,"[1.0, 1.0, 1.0, 1.0]","[1.0, 1.0, 1.0, 1.0, 3.0]"
658,medium,30,2,80,0.23,-240.0,-240.0,0.0,0.0,0.0,0.0,0.0,30,30,0,,,"[1.0, 1.0, 1.0, 1.0]","[1.0, 1.0, 1.0, 1.0, 3.0]"
659,medium,30,2,80,1.83,-1067.51,-1067.51,0.0,18.0,18.0,413.0,413.0,29,29,80,,,"[2.1, 2.05, 2.2, 1.65]","[1.4, 1.45, 2.0, 1.5, 4.65]"
660,medium,30,1,80,0.2,-240.0,-240.0,0.0,0.0,0.0,0.0,0.0,30,30,0,,,"[1.0, 1.0, 1.0, 1.0]","[1.0, 1.0, 1.0, 1.0, 3.0]"
661,medium,30,1,80,1.61,-214.17,-214.17,0.0,7.8,7.8,0.0,0.0,29,29,80,,,"[2.4, 1.85, 2.2, 1.55]","[1.7, 1.45, 1.65, 1.55, 4.65]"
662,medium,30,1,80,0.19,-240.0,-240.0,0.0,0.0,0.0,0.0,0.0,30,30,0,,,"[1.0, 1.0, 1.0, 1.0]","[1.0, 1.0, 1.0, 1.0, 3.0]"
663,medium,30,1,80,0.18,-240.0,-240.0,0.0,0.0,0.0,0.0,0.0,30,30,0,,,"[1.0, 1.0, 1.0, 1.0]","[1.0, 1.0, 1.0, 1.0, 3.0]"
664,medium,30,2,80,0.22,-240.0,-240.0,0.0,0.0,0.0,0.0,0.0,30,30,0,,,"[1.0, 1.0, 1.0, 1.0]","[1.0, 1.0, 1.0, 1.0, 3.0]"
665,medium,30,2,80,0.22,-240.0,-240.0,0.0,0.0,0.0,0.0,0.0,30,30,0,,,"[1.0, 1.0, 1.0, 1.0]","[1.0, 1.0, 1.0, 1.0, 3.0]"
666,medium,30,2,80,1.83,-214.22,-214.22,0.0,15.4,15.4,0.0,0.0,29,29,80,,,"[1.85, 1.9, 2.2, 2.05]","[1.25, 1.55, 2.1, 1.65, 4.45]"
667,medium,30,1,80,0.19,-240.0,-240.0,0.0,0.0,0.0,0.0,0.0,30,30,0,,,"[1.0, 1.0, 1.0, 1.0]","[1.0, 1.0, 1.0, 1.0, 3.0]"
668,medium,30,1,80,0.32,-240.0,-240.0,0.0,0.0,0.0,0.0,0.0,30,30,0,,,"[1.0, 1.0, 1.0, 1.0]","[1.0, 1.0, 1.0, 1.0, 3.0]"
669,medium,30,1,80,0.19,-240.0,-240.0,0.0,0.0,0.0,0.0,0.0,30,30,0,,,"[1.0, 1.0, 1.0, 1.0]","[1.0, 1.0, 1.0, 1.0, 3.0]"
670,medium,30,1,80,0.18,-240.0,-240.0,0.0,0.0,0.0,0.0,0.0,30,30,0,,,"[1.0, 1.0, 1.0, 1.0]","[1.0, 1.0, 1.0, 1.0, 3.0]"
671,medium,30,1,80,0.21,-240.0,-240.0,0.0,0.0,0.0,0.0,0.0,30,30,0,,,"[1.0, 1.0, 1.0, 1.0]","[1.0, 1.0, 1.0, 1.0, 3.0]"
672,medium,30,1,80,1.63,-1141.88,-1141.88,0.0,25.0,25.0,450.0,450.0,29,29,80,,,"[1.75, 1.9, 2.05, 2.3]","[1.6, 1.3, 1.7, 1.8, 4.6]"
677,medium,30,2,80,0.21,-240.0,-240.0,0.0,0.0,0.0,0.0,0.0,30,30,0,,,"[1.0, 1.0, 1.0, 1.0]","[1.0, 1.0, 1.0, 1.0, 3.0]"
678,medium,30,2,80,0.22,-240.0,-240.0,0.0,0.0,0.0,0.0,0.0,30,30,0,,,"[1.0, 1.0, 1.0, 1.0]","[1.0, 1.0, 1.0, 1.0, 3.0]"
679,medium,30,2,80,0.22,-240.0,-240.0,0.0,0.0,0.0,0.0,0.0,30,30,0,,,"[1.0, 1.0, 1.0, 1.0]","[1.0, 1.0, 1.0, 1.0, 3.0]"
680,medium,30,2,80,0.22,-240.0,-240.0,0.0,0.0,0.0,0.0,0.0,30,30,0,,,"[1.0, 1.0, 1.0, 1.0]","[1.0, 1.0, 1.0, 1.0, 3.0]"
681,medium,30,2,80,1.84,-1021.55,-1021.55,0.0,18.6,18.6,390.6,390.6,29,29,80,,,"[2.0, 1.75, 2.05, 2.2]","[1.95, 1.55, 1.55, 1.3, 4.65]"
682,medium,30,1,80,0.23,-240.0,-240.0,0.0,0.0,0.0,0.0,0.0,30,30,0,,,"[1.0, 1.0, 1.0, 1.0]","[1.0, 1.0, 1.0, 1.0, 3.0]"
683,medium,30,1,80,1.53,-1075.62,-1075.62,0.0,18.4,18.4,419.4,419.4,29,29,80,,,"[1.85, 2.3, 1.9, 1.95]","[1.7, 1.85, 1.3, 1.3, 4.85]"
684,medium,30,1,80,0.19,-240.0,-240.0,0.0,0.0,0.0,0.0,0.0,30,30,0,,,"[1.0, 1.0, 1.0, 1.0]","[1.0, 1.0, 1.0, 1.0, 3.0]"
685,medium,30,1,80,0.19,-240.0,-240.0,0.0,0.0,0.0,0.0,0.0,30,30,0,,,"[1.0, 1.0, 1.0, 1.0]","[1.0, 1.0, 1.0, 1.0, 3.0]"
686,medium,30,2,80,0.22,-240.0,-240.0,0.0,0.0,0.0,0.0,0.0,30,30,0,,,"[1.0, 1.0, 1.0, 1.0]","[1.0, 1.0, 1.0, 1.0, 3.0]"
687,medium,30,3,80,0.26,-240.0,-240.0,0.0,0.0,0.0,0.0,0.0,30,30,0,,,"[1.0, 1.0, 1.0, 1.0]","[1.0, 1.0, 1.0, 1.0, 3.0]"
688,medium,30,3,80,0.26,-240.0,-240.0,0.0,0.0,0.0,0.0,0.0,30,30,0,,,"[1.0, 1.0, 1.0, 1.0]","[1.0, 1.0, 1.0, 1.0, 3.0]"
689,medium,30,4,80,2.02,-215.78,-215.78,0.0,15.4,15.4,0.0,0.0,29,29,80,,,"[2.2, 1.5, 1.9, 2.4]","[1.45, 1.6, 1.6, 1.65, 4.7]"
690,medium,30,4,80,0.3,-240.0,-240.0,0.0,0.0,0.0,0.0,0.0,30,30,0,,,"[1.0, 1.0, 1.0, 1.0]","[1.0, 1.0, 1.0, 1.0, 3.0]"
691,medium,30,4,80,0.28,-240.0,-240.0,0.0,0.0,0.0,0.0,0.0,30,30,0,,,"[1.0, 1.0, 1.0, 1.0]","[1.0, 1.0, 1.0, 1.0, 3.0]"
692,medium,30,4,80,0.27,-240.0,-240.0,0.0,0.0,0.0,0.0,0.0,30,30,0,,,"[1.0, 1.0, 1.0, 1.0]","[1.0, 1.0, 1.0, 1.0, 3.0]"
693,medium,30,4,80,0.27,-240.0,-240.0,0.0,0.0,0.0,0.0,0.0,30,30,0,,,"[1.0, 1.0, 1.0, 1.0]","[1.0, 1.0, 1.0, 1.0, 3.0]"
694,medium,30,4,80,2.18,-1176.52,-1176.52,0.0,25.4,25.4,467.4,467.4,29,29,80,,,"[2.05, 2.05, 1.85, 2.05]","[1.9, 1.5, 1.35, 1.6, 4.65]"
695,medium,30,3,80,2.34,-2060.91,-1118.45,942.46,45.4,18.4,910.4,440.4,28,29,80,related,energy_safe,"[1.8, 1.7, 2.15, 2.5]","[1.25, 1.4, 1.65, 1.75, 5.1]"
696,medium,30,2,80,0.25,-240.0,-240.0,0.0,0.0,0.0,0.0,0.0,30,30,0,,,"[1.0, 1.0, 1.0, 1.0]","[1.0, 1.0, 1.0, 1.0, 3.0]"
697,medium,30,2,80,1.82,-1186.46,-1186.46,0.0,27.0,27.0,472.0,472.0,29,29,80,,,"[2.05, 2.15, 1.5, 2.3]","[1.15, 1.6, 1.65, 1.75, 4.85]"
698,medium,30,1,80,1.48,-1157.44,-1157.44,0.0,25.4,25.4,459.4,459.4,29,29,80,,,"[2.1, 2.4, 1.85, 1.65]","[1.5, 1.65, 1.4, 1.5, 4.95]"
706,medium,30,1,80,0.18,-240.0,-240.0,0.0,0.0,0.0,0.0,0.0,30,30,0,,,"[1.0, 1.0, 1.0, 1.0]","[1.0, 1.0, 1.0, 1.0, 3.0]"
707,medium,30,1,80,0.24,-240.0,-240.0,0.0,0.0,0.0,0.0,0.0,30,30,0,,,"[1.0, 1.0, 1.0, 1.0]","[1.0, 1.0, 1.0, 1.0, 3.0]"
708,medium,30,1,80,0.23,-240.0,-240.0,0.0,0.0,0.0,0.0,0.0,30,30,0,,,"[1.0, 1.0, 1.0, 1.0]","[1.0, 1.0, 1.0, 1.0, 3.0]"
709,medium,30,1,80,0.22,-240.0,-240.0,0.0,0.0,0.0,0.0,0.0,30,30,0,,,"[1.0, 1.0, 1.0, 1.0]","[1.0, 1.0, 1.0, 1.0, 3.0]"
710,medium,30,1,80,0.21,-240.0,-240.0,0.0,0.0,0.0,0.0,0.0,30,30,0,,,"[1.0, 1.0, 1.0, 1.0]","[1.0, 1.0, 1.0, 1.0, 3.0]"
711,medium,30,3,80,2.02,-1130.58,-1130.58,0.0,15.4,15.4,446.4,446.4,29,29,80,,,"[2.75, 1.85, 1.6, 1.8]","[1.9, 1.65, 1.45, 1.7, 4.3]"
712,medium,30,2,80,0.23,-240.0,-240.0,0.0,0.0,0.0,0.0,0.0,30,30,0,,,"[1.0, 1.0, 1.0, 1.0]","[1.0, 1.0, 1.0, 1.0, 3.0]"
713,medium,30,3,80,0.3,-240.0,-240.0,0.0,0.0,0.0,0.0,0.0,30,30,0,,,"[1.0, 1.0, 1.0, 1.0]","[1.0, 1.0, 1.0, 1.0, 3.0]"
714,medium,30,3,80,0.27,-240.0,-240.0,0.0,0.0,0.0,0.0,0.0,30,30,0,,,"[1.0, 1.0, 1.0, 1.0]","[1.0, 1.0, 1.0, 1.0, 3.0]"
715,medium,30,3,80,0.27,-240.0,-240.0,0.0,0.0,0.0,0.0,0.0,30,30,0,,,"[1.0, 1.0, 1.0, 1.0]","[1.0, 1.0, 1.0, 1.0, 3.0]"
716,medium,30,3,80,2.11,-1120.47,-1120.47,0.0,18.2,18.2,440.2,440.2,29,29,80,,,"[2.0, 1.95, 2.1, 1.95]","[1.5, 1.65, 1.45, 2.0, 4.4]"
717,medium,30,2,80,1.82,-1097.89,-1097.89,0.0,17.4,17.4,430.4,430.4,29,29,80,,,"[1.85, 1.7, 2.45, 2.0]","[1.35, 1.6, 1.5, 1.5, 5.05]"
718,medium,30,1,80,0.2,-240.0,-240.0,0.0,0.0,0.0,0.0,0.0,30,30,0,,,"[1.0, 1.0, 1.0, 1.0]","[1.0, 1.0, 1.0, 1.0, 3.0]"
719,medium,30,1,80,1.55,-1086.79,-1086.79,0.0,18.4,18.4,423.4,423.4,29,29,80,,,"[2.05, 2.25, 1.9, 1.8]","[1.55, 1.45, 1.7, 1.8, 4.5]"
723,medium,30,1,80,0.19,-240.0,-240.0,0.0,0.0,0.0,0.0,0.0,30,30,0,,,"[1.0, 1.0, 1.0, 1.0]","[1.0, 1.0, 1.0, 1.0, 3.0]"
724,medium,30,1,80,0.19,-240.0,-240.0,0.0,0.0,0.0,0.0,0.0,30,30,0,,,"[1.0, 1.0, 1.0, 1.0]","[1.0, 1.0, 1.0, 1.0, 3.0]"
725,medium,30,1,80,0.2,-240.0,-240.0,0.0,0.0,0.0,0.0,0.0,30,30,0,,,"[1.0, 1.0, 1.0, 1.0]","[1.0, 1.0, 1.0, 1.0, 3.0]"
726,medium,30,1,80,1.57,-1104.28,-1104.28,0.0,18.0,18.0,433.0,433.0,29,29,80,,,"[2.0, 2.35, 1.8, 1.85]","[1.6, 1.95, 1.25, 1.8, 4.4]"
728,medium,30,1,80,0.18,-240.0,-240.0,0.0,0.0,0.0,0.0,0.0,30,30,0,,,"[1.0, 1.0, 1.0, 1.0]","[1.0, 1.0, 1.0, 1.0, 3.0]"
729,medium,30,1,80,0.19,-240.0,-240.0,0.0,0.0,0.0,0.0,0.0,30,30,0,,,"[1.0, 1.0, 1.0, 1.0]","[1.0, 1.0, 1.0, 1.0, 3.0]"
730,medium,30,1,80,0.19,-240.0,-240.0,0.0,0.0,0.0,0.0,0.0,30,30,0,,,"[1.0, 1.0, 1.0, 1.0]","[1.0, 1.0, 1.0, 1.0, 3.0]"
731,medium,30,1,80,0.19,-240.0,-240.0,0.0,0.0,0.0,0.0,0.0,30,30,0,,,"[1.0, 1.0, 1.0, 1.0]","[1.0, 1.0, 1.0, 1.0, 3.0]"
732,medium,30,2,80,0.22,-240.0,-240.0,0.0,0.0,0.0,0.0,0.0,30,30,0,,,"[1.0, 1.0, 1.0, 1.0]","[1.0, 1.0, 1.0, 1.0, 3.0]"
733,medium,30,2,80,0.22,-240.0,-240.0,0.0,0.0,0.0,0.0,0.0,30,30,0,,,"[1.0, 1.0, 1.0, 1.0]","[1.0, 1.0, 1.0, 1.0, 3.0]"
734,medium,30,2,80,0.23,-240.0,-240.0,0.0,0.0,0.0,0.0,0.0,30,30,0,,,"[1.0, 1.0, 1.0, 1.0]","[1.0, 1.0, 1.0, 1.0, 3.0]"
735,medium,30,4,80,0.29,-240.0,-240.0,0.0,0.0,0.0,0.0,0.0,30,30,0,,,"[1.0, 1.0, 1.0, 1.0]","[1.0, 1.0, 1.0, 1.0, 3.0]"
736,medium,30,4,80,2.03,-1223.12,-1223.12,0.0,25.4,25.4,491.4,491.4,29,29,80,,,"[1.6, 2.25, 1.65, 2.5]","[1.35, 1.65, 1.5, 1.95, 4.55]"
737,medium,30,3,80,0.26,-240.0,-240.0,0.0,0.0,0.0,0.0,0.0,30,30,0,,,"[1.0, 1.0, 1.0, 1.0]","[1.0, 1.0, 1.0, 1.0, 3.0]"
738,medium,30,3,80,0.25,-240.0,-240.0,0.0,0.0,0.0,0.0,0.0,30,30,0,,,"[1.0, 1.0, 1.0, 1.0]","[1.0, 1.0, 1.0, 1.0, 3.0]"
739,medium,30,3,80,0.25,-240.0,-240.0,0.0,0.0,0.0,0.0,0.0,30,30,0,,,"[1.0, 1.0, 1.0, 1.0]","[1.0, 1.0, 1.0, 1.0, 3.0]"
740,medium,30,3,80,1.95,-1211.41,-1211.41,0.0,25.4,25.4,485.4,485.4,29,29,80,,,"[2.05, 1.85, 2.2, 1.9]","[1.8, 1.35, 1.3, 1.55, 5.0]"
741,medium,30,2,80,2.34,-1108.49,-1108.49,0.0,18.6,18.6,433.6,433.6,29,29,80,,,"[1.75, 1.7, 2.4, 2.15]","[1.8, 1.45, 1.8, 1.4, 4.55]"
742,medium,30,1,80,0.2,-240.0,-240.0,0.0,0.0,0.0,0.0,0.0,30,30,0,,,"[1.0, 1.0, 1.0, 1.0]","[1.0, 1.0, 1.0, 1.0, 3.0]"
743,medium,30,2,80,1.72,-1155.51,-1155.51,0.0,25.0,25.0,457.0,457.0,29,29,80,,,"[2.3, 1.85, 2.0, 1.85]","[1.75, 1.3, 1.6, 1.6, 4.75]"
744,medium,30,2,80,0.23,-240.0,-240.0,0.0,0.0,0.0,0.0,0.0,30,30,0,,,"[1.0, 1.0, 1.0, 1.0]","[1.0, 1.0, 1.0, 1.0, 3.0]"
745,medium,30,2,80,0.23,-240.0,-240.0,0.0,0.0,0.0,0.0,0.0,30,30,0,,,"[1.0, 1.0, 1.0, 1.0]","[1.0, 1.0, 1.0, 1.0, 3.0]"
746,medium,30,2,80,0.22,-240.0,-240.0,0.0,0.0,0.0,0.0,0.0,30,30,0,,,"[1.0, 1.0, 1.0, 1.0]","[1.0, 1.0, 1.0, 1.0, 3.0]"
747,medium,30,3,80,0.26,-240.0,-240.0,0.0,0.0,0.0,0.0,0.0,30,30,0,,,"[1.0, 1.0, 1.0, 1.0]","[1.0, 1.0, 1.0, 1.0, 3.0]"
748,medium,30,3,80,0.26,-240.0,-240.0,0.0,0.0,0.0,0.0,0.0,30,30,0,,,"[1.0, 1.0, 1.0, 1.0]","[1.0, 1.0, 1.0, 1.0, 3.0]"
749,medium,30,3,80,0.25,-240.0,-240.0,0.0,0.0,0.0,0.0,0.0,30,30,0,,,"[1.0, 1.0, 1.0, 1.0]","[1.0, 1.0, 1.0, 1.0, 3.0]"
750,medium,30,3,80,1.87,-1102.75,-1102.75,0.0,25.4,25.4,433.4,433.4,29,29,80,,,"[2.7, 1.75, 1.7, 1.85]","[1.3, 1.9, 1.5, 1.35, 4.95]"
751,medium,30,2,80,0.23,-240.0,-240.0,0.0,0.0,0.0,0.0,0.0,30,30,0,,,"[1.0, 1.0, 1.0, 1.0]","[1.0, 1.0, 1.0, 1.0, 3.0]"
752,medium,30,2,80,1.8,-1080.57,-1080.57,0.0,25.4,25.4,421.4,421.4,29,29,80,,,"[1.95, 2.1, 2.2, 1.75]","[1.25, 2.2, 1.45, 1.3, 4.8]"
753,medium,30,1,80,1.65,-214.44,-214.44,0.0,8.4,8.4,0.0,0.0,29,29,80,,,"[2.25, 1.4, 2.25, 2.1]","[1.5, 1.3, 1.7, 1.7, 4.8]"
754,medium,30,1,80,0.2,-240.0,-240.0,0.0,0.0,0.0,0.0,0.0,30,30,0,,,"[1.0, 1.0, 1.0, 1.0]","[1.0, 1.0, 1.0, 1.0, 3.0]"
755,medium,30,1,80,0.2,-240.0,-240.0,0.0,0.0,0.0,0.0,0.0,30,30,0,,,"[1.0, 1.0, 1.0, 1.0]","[1.0, 1.0, 1.0, 1.0, 3.0]"
756,medium,30,1,80,0.2,-240.0,-240.0,0.0,0.0,0.0,0.0,0.0,30,30,0,,,"[1.0, 1.0, 1.0, 1.0]","[1.0, 1.0, 1.0, 1.0, 3.0]"
757,medium,30,1,80,0.19,-240.0,-240.0,0.0,0.0,0.0,0.0,0.0,30,30,0,,,"[1.0, 1.0, 1.0, 1.0]","[1.0, 1.0, 1.0, 1.0, 3.0]"
758,medium,30,1,80,0.21,-240.0,-240.0,0.0,0.0,0.0,0.0,0.0,30,30,0,,,"[1.0, 1.0, 1.0, 1.0]","[1.0, 1.0, 1.0, 1.0, 3.0]"
759,medium,30,1,80,0.18,-240.0,-240.0,0.0,0.0,0.0,0.0,0.0,30,30,0,,,"[1.0, 1.0, 1.0, 1.0]","[1.0, 1.0, 1.0, 1.0, 3.0]"
760,medium,30,1,80,0.21,-240.0,-240.0,0.0,0.0,0.0,0.0,0.0,30,30,0,,,"[1.0, 1.0, 1.0, 1.0]","[1.0, 1.0, 1.0, 1.0, 3.0]"
761,medium,30,1,80,0.2,-240.0,-240.0,0.0,0.0,0.0,0.0,0.0,30,30,0,,,"[1.0, 1.0, 1.0, 1.0]","[1.0, 1.0, 1.0, 1.0, 3.0]"
762,medium,30,1,80,3.36,-2215.14,-2215.14,0.0,26.8,26.8,988.2,988.2,28,28,80,,,"[2.1, 2.0, 1.85, 2.05]","[2.05, 1.55, 1.4, 1.45, 4.55]"
771,medium,30,2,80,0.22,-240.0,-240.0,0.0,0.0,0.0,0.0,0.0,30,30,0,,,"[1.0, 1.0, 1.0, 1.0]","[1.0, 1.0, 1.0, 1.0, 3.0]"
772,medium,30,3,80,0.33,-240.0,-240.0,0.0,0.0,0.0,0.0,0.0,30,30,0,,,"[1.0, 1.0, 1.0, 1.0]","[1.0, 1.0, 1.0, 1.0, 3.0]"
773,medium,30,3,80,2.21,-1100.83,-1100.83,0.0,18.6,18.6,431.6,431.6,29,29,80,,,"[1.5, 1.85, 2.55, 2.1]","[1.3, 2.0, 1.65, 1.55, 4.5]"
774,medium,30,2,80,0.24,-240.0,-240.0,0.0,0.0,0.0,0.0,0.0,30,30,0,,,"[1.0, 1.0, 1.0, 1.0]","[1.0, 1.0, 1.0, 1.0, 3.0]"
775,medium,30,2,80,1.95,-1153.76,-1153.76,0.0,15.4,15.4,458.4,458.4,29,29,80,,,"[1.75, 2.05, 2.3, 1.9]","[1.75, 1.85, 1.75, 1.3, 4.35]"
776,medium,30,2,80,1.86,-457.97,-457.97,0.0,7.6,7.6,111.6,111.6,29,29,80,,,"[2.35, 1.55, 2.1, 2.0]","[1.65, 1.35, 1.55, 1.6, 4.85]"
777,medium,30,2,80,0.23,-240.0,-240.0,0.0,0.0,0.0,0.0,0.0,30,30,0,,,"[1.0, 1.0, 1.0, 1.0]","[1.0, 1.0, 1.0, 1.0, 3.0]"
778,medium,30,2,80,0.23,-240.0,-240.0,0.0,0.0,0.0,0.0,0.0,30,30,0,,,"[1.0, 1.0, 1.0, 1.0]","[1.0, 1.0, 1.0, 1.0, 3.0]"
779,medium,30,2,80,1.95,-216.44,-216.44,0.0,7.6,7.6,0.0,0.0,29,29,80,,,"[1.7, 2.15, 2.25, 1.9]","[1.6, 1.45, 1.45, 1.65, 4.85]"
780,medium,30,1,80,1.67,-218.03,-218.03,0.0,7.6,7.6,0.0,0.0,29,29,80,,,"[2.55, 1.55, 1.85, 2.05]","[1.55, 2.0, 1.3, 1.45, 4.7]"
784,medium,30,1,80,0.18,-240.0,-240.0,0.0,0.0,0.0,0.0,0.0,30,30,0,,,"[1.0, 1.0, 1.0, 1.0]","[1.0, 1.0, 1.0, 1.0, 3.0]"
785,medium,30,1,80,0.2,-240.0,-240.0,0.0,0.0,0.0,0.0,0.0,30,30,0,,,"[1.0, 1.0, 1.0, 1.0]","[1.0, 1.0, 1.0, 1.0, 3.0]"
786,medium,30,2,80,0.23,-240.0,-240.0,0.0,0.0,0.0,0.0,0.0,30,30,0,,,"[1.0, 1.0, 1.0, 1.0]","[1.0, 1.0, 1.0, 1.0, 3.0]"
787,medium,30,2,80,1.8,-599.61,-599.61,0.0,8.2,8.2,181.2,181.2,29,29,80,,,"[1.65, 2.2, 2.35, 1.8]","[1.75, 1.6, 1.75, 1.75, 4.15]"
788,medium,30,1,80,0.2,-240.0,-240.0,0.0,0.0,0.0,0.0,0.0,30,30,0,,,"[1.0, 1.0, 1.0, 1.0]","[1.0, 1.0, 1.0, 1.0, 3.0]"
789,medium,30,1,80,1.54,-264.69,-264.69,0.0,8.2,8.2,14.2,14.2,29,29,80,,,"[2.3, 1.7, 1.95, 2.05]","[1.4, 1.7, 1.65, 1.5, 4.75]"
792,medium,30,1,80,0.16,-240.0,-240.0,0.0,0.0,0.0,0.0,0.0,30,30,0,,,"[1.0, 1.0, 1.0, 1.0]","[1.0, 1.0, 1.0, 1.0, 3.0]"
793,medium,30,1,80,1.49,-352.11,-352.11,0.0,8.2,8.2,57.2,57.2,29,29,80,,,"[2.4, 2.35, 1.65, 1.6]","[1.5, 2.0, 1.55, 1.75, 4.2]"
795,medium,30,1,80,0.17,-240.0,-240.0,0.0,0.0,0.0,0.0,0.0,30,30,0,,,"[1.0, 1.0, 1.0, 1.0]","[1.0, 1.0, 1.0, 1.0, 3.0]"
796,medium,30,2,80,0.23,-240.0,-240.0,0.0,0.0,0.0,0.0,0.0,30,30,0,,,"[1.0, 1.0, 1.0, 1.0]","[1.0, 1.0, 1.0, 1.0, 3.0]"
797,medium,30,2,80,1.79,-269.44,-269.44,0.0,8.2,8.2,15.2,15.2,29,29,80,,,"[2.05, 2.0, 1.65, 2.3]","[1.6, 1.45, 1.55, 1.55, 4.85]"
798,medium,30,1,80,1.54,-482.38,-482.38,0.0,8.4,8.4,123.4,123.4,29,29,80,,,"[2.1, 2.05, 1.75, 2.1]","[1.4, 1.45, 2.0, 1.6, 4.55]"
799,medium,30,1,80,0.19,-240.0,-240.0,0.0,0.0,0.0,0.0,0.0,30,30,0,,,"[1.0, 1.0, 1.0, 1.0]","[1.0, 1.0, 1.0, 1.0, 3.0]"
